83000,Colonia Hermosillo Centro,Urbano
83010,Colonia 5 de Mayo,Urbano
83010,Colonia Country Club,Urbano
83010,Colonia Lomas Pitic,Urbano
83010,Colonia Mediterráneo Residencial,Urbano
83010,Fraccionamiento Cerrada el Encanto,Urbano
83010,Colonia Los Igualados,Urbano
83010,Fraccionamiento Los Altos Residencial,Urbano
83010,Fraccionamiento Country Club Residencial,Urbano
83013,Colonia PEMEX,Urbano
83013,Colonia Ferrocarrilera,Urbano
83015,Colonia Rinconada de Nuevo León,Urbano
83016,Colonia Cruz Gálvez,Urbano
83020,Colonia Amapolas,Urbano
83029,Colonia Metalera,Urbano
83030,Colonia Cañada de los Negros,Urbano
83040,Colonia Coloso,Urbano
83040,Colonia El Mariachi,Urbano
83050,Colonia El Ranchito,Urbano
83050,Colonia Rinconada de La Cruz,Urbano
83050,Colonia Bella Vista,Urbano
83060,Colonia Los Naranjos,Urbano
83067,Colonia Universidad,Urbano
83067,Fraccionamiento Privada Casa Blanca,Urbano
83068,Colonia Revolución II,Urbano
83068,Fraccionamiento Los Sauces,Urbano
83070,Colonia Del Razo,Urbano
83070,Colonia San Juan,Urbano
83078,Colonia Revolución I,Urbano
83079,Colonia Casa Blanca,Urbano
83079,Colonia Cerro de La Campana,Urbano
83079,Colonia Villa del Pitic,Urbano
83079,Colonia Cerrada Norwalk,Urbano
83079,Colonia Chino Abelardo,Urbano
83080,Colonia La Matanza,Urbano
83089,Colonia Las Pilas,Urbano
83090,Colonia Hacienda de La Flor,Urbano
83100,Colonia Apolo,Urbano
83100,Colonia Atardeceres,Urbano
83100,Colonia Ley 57,Urbano
83100,Colonia Popular,Urbano
83100,Colonia Prados del Sol,Urbano
83100,Fraccionamiento Misión Del Real,Urbano
83100,Fraccionamiento Misión Del Sol,Urbano
83100,Fraccionamiento San Diego,Urbano
83100,Colonia Prados de Bugambilias,Urbano
83100,Fraccionamiento Misión San Ignacio,Urbano
83100,Colonia Prados de Bugambilias II,Urbano
83100,Colonia Residencial Kino,Urbano
83100,Colonia Cerrada del Carmen,Urbano
83100,Colonia Privada Córdoba,Urbano
83100,Colonia Privada Robles,Urbano
83100,"Colonia 15 ""A""",Urbano
83103,Colonia CNOP,Urbano
83103,Colonia Lomas de Madrid,Urbano
83104,Colonia López Portillo,Urbano
83104,Fraccionamiento Altos de Aragón,Urbano
83104,Fraccionamiento Alta Firenze Residencial,Urbano
83104,Fraccionamiento Alta Firenze Norte,Urbano
83104,Fraccionamiento San Rafael Residencial,Urbano
83104,Colonia Lomas de Linda Vista,Urbano
83104,Colonia Arcadia,Urbano
83104,Colonia Portón Del Arco,Urbano
83104,Colonia Cumbres Residencial III,Urbano
83104,Colonia Margaritas Olivos,Urbano
83104,Colonia Valle de Santa Mónica,Urbano
83104,Colonia Alborada,Urbano
83104,Fraccionamiento Loma Blanca,Urbano
83104,Fraccionamiento Privadas del Mirador,Urbano
83104,Fraccionamiento Palermo Sección Veneto,Urbano
83104,Colonia Colinas Del Bachoco,Urbano
83104,Fraccionamiento Palermo Sección Partanna,Urbano
83104,Fraccionamiento Altos de Agustín Residencial,Urbano
83104,Fraccionamiento Palermo Sección Ferrara,Urbano
83105,Colonia Jacinto López,Urbano
83105,Fraccionamiento Residencial la Cima,Urbano
83105,Fraccionamiento Residencial la Cima II,Urbano
83105,Fraccionamiento Caperuzo,Urbano
83105,Colonia 4 de Marzo,Urbano
83105,Fraccionamiento El Cortijo,Urbano
83105,Fraccionamiento Haciendas Residencial,Urbano
83105,Fraccionamiento La Caridad,Urbano
83105,Fraccionamiento Nuevo Horizonte,Urbano
83105,Fraccionamiento Paseo de las Palmas,Urbano
83105,Fraccionamiento Villas del Palmar,Urbano
83105,Colonia San Sebastián,Urbano
83105,Fraccionamiento Cerrada de La Capilla,Urbano
83105,Fraccionamiento El Cortijo Sección Pioneros,Urbano
83105,Fraccionamiento Cortijo Periodista,Urbano
83105,Fraccionamiento Retorno de La Misión,Urbano
83105,Colonia Red 2000,Urbano
83105,Fraccionamiento Cerrada la Caridad,Urbano
83105,Fraccionamiento Lomas del Norte,Urbano
83106,Colonia Insurgentes,Urbano
83106,Fraccionamiento Monterosa Hábitat Residencial,Urbano
83106,Fraccionamiento Cárdeno Residencial,Urbano
83106,Fraccionamiento Vista Azul,Urbano
83106,Fraccionamiento La Mirada Residencial,Urbano
83106,Fraccionamiento Alto Valle,Urbano
83106,Fraccionamiento San Lorenzo,Urbano
83106,Fraccionamiento Los Ángeles,Urbano
83106,Fraccionamiento Rincón de Palmas,Urbano
83106,Fraccionamiento Villa Colonial,Urbano
83106,Fraccionamiento Villa Dorada,Urbano
83106,Fraccionamiento Villas de Cortes,Urbano
83106,Colonia Villa Guadalupe,Urbano
83106,Colonia Villa Sonora,Urbano
83106,Colonia Villas del Cortijo,Urbano
83106,Colonia Heberto Castillo,Urbano
83106,Colonia Villa Del Rey,Urbano
83106,Fraccionamiento Las Palmas,Urbano
83106,Fraccionamiento Privada Mixcoac,Urbano
83106,Fraccionamiento Cerrada Coronado,Urbano
83106,Fraccionamiento Misión de AndaLucía Residencial,Urbano
83106,Fraccionamiento Banus,Urbano
83106,"Fraccionamiento Alto Valle Sector ""A""",Urbano
83106,Fraccionamiento Antara Residencial,Urbano
83106,Fraccionamiento Villa Colonial II,Urbano
83106,Fraccionamiento Miguel Valencia,Urbano
83107,Fraccionamiento Altaria Residencial,Urbano
83107,Fraccionamiento Bilbao,Urbano
83107,Fraccionamiento Paseo del Cid Residencial,Urbano
83107,Fraccionamiento Montalbán Residencial,Urbano
83107,Fraccionamiento Catania Residencial,Urbano
83107,Fraccionamiento La Caridad,Rural
83107,Fraccionamiento Urbi Villa del Cedro,Urbano
83107,Fraccionamiento Urbi Alameda los Fresnos Residencial,Urbano
83108,Fraccionamiento Puerta Norte,Urbano
83110,Colonia Benito Juárez,Urbano
83110,Colonia Mártires de Cananea,Urbano
83110,Colonia La Primavera,Urbano
83113,Colonia Jardines,Urbano
83113,Fraccionamiento Conjunto Arizona,Urbano
83114,Colonia Eusebio Kino,Urbano
83114,Fraccionamiento Velas Residencial,Urbano
83114,Fraccionamiento San Luis Rey,Urbano
83114,Colonia Santa Bárbara,Urbano
83114,Colonia Villas Residencial,Urbano
83114,Fraccionamiento Milán Residencial,Urbano
83114,Fraccionamiento Villa California Residencial,Urbano
83114,Fraccionamiento Lomas de Reforma,Urbano
83114,Fraccionamiento Aranjuez Residencial,Urbano
83115,Colonia Carmen Serdán,Urbano
83115,Colonia El Cortijo UNISON,Urbano
83115,Colonia Rincón Agradable,Urbano
83116,Colonia Primero Hermosillo,Urbano
83116,Fraccionamiento Montesinos,Urbano
83116,Colonia Norberto Ortega,Urbano
83116,Fraccionamiento Real del Cobre,Urbano
83116,Colonia Solidaridad,Urbano
83116,Colonia Manuel Gómez MorÃ­n,Urbano
83116,Colonia Nueva Victoria,Urbano
83116,Fraccionamiento Valle del Portal,Urbano
83116,Fraccionamiento La Campiña,Urbano
83116,Fraccionamiento Villa Merlot Residencial,Urbano
83116,Fraccionamiento Tierra Colorada,Urbano
83116,Colonia Miguel Angel Jiménez,Urbano
83116,Colonia Francisco Romero,Urbano
83116,Colonia Antorcha Campesina (Invasión),Urbano
83117,Colonia Miguel Hidalgo,Urbano
83117,Fraccionamiento Alondras Residencial,Urbano
83117,Fraccionamiento Monarca Residencial,Urbano
83117,Colonia Villa Bonita,Urbano
83117,Fraccionamiento Villas de San Lorenzo,Urbano
83117,Fraccionamiento El Encanto,Urbano
83117,Fraccionamiento Los Manantiales,Urbano
83117,Fraccionamiento Pilares,Urbano
83117,Colonia Privadas Del Bosque,Urbano
83117,Fraccionamiento Tubac,Urbano
83117,Fraccionamiento Pueblo Bonito,Urbano
83117,Fraccionamiento Pueblo del Oro,Urbano
83117,Colonia Opatas,Urbano
83117,Colonia Cerrada Pimas,Urbano
83117,Fraccionamiento Cerrada Diamante,Urbano
83117,Fraccionamiento Palo Fierro,Urbano
83117,Fraccionamiento Torreplata Residencial,Urbano
83117,Fraccionamiento Romanza Residencial,Urbano
83117,Fraccionamiento Pueblitos Cerrada Kikapu,Urbano
83117,Fraccionamiento Pueblitos Cerrada Kukapu,Urbano
83117,Fraccionamiento Pueblitos Cerrada Papagos,Urbano
83117,Fraccionamiento Pueblitos Cerrada Guajiros,Urbano
83117,Fraccionamiento Privadas del Sauce,Urbano
83117,Fraccionamiento Los Pinos Residencial,Urbano
83117,Fraccionamiento Bicentenario Residencial,Urbano
83117,Fraccionamiento Portal de Romanza Residencial,Urbano
83117,Fraccionamiento Villas de Romanza,Urbano
83117,Colonia Miguel Valencia,Urbano
83118,Fraccionamiento Privadas del Real III Sección,Urbano
83118,Fraccionamiento Privadas del Real Sección Norte,Urbano
83118,Zona industrial Parque Industrial de Hermosillo Norte,Urbano
83118,Fraccionamiento Parque Central,Urbano
83118,Fraccionamiento Natura,Urbano
83118,Fraccionamiento Torralba Residencial,Urbano
83118,Fraccionamiento Privadas del Rey,Urbano
83118,Fraccionamiento Jardín Real Residencial,Urbano
83118,Fraccionamiento Monteregio Residencial,Urbano
83118,Fraccionamiento Arándanos Residencial,Urbano
83118,Fraccionamiento Villa Del Real,Urbano
83118,Fraccionamiento Tumacacori,Urbano
83118,Colonia La Lengueta,Urbano
83118,Zona industrial Miniparque Industrial,Urbano
83118,Colonia Privadas del Real,Urbano
83118,Fraccionamiento Pueblo Alegre,Urbano
83118,Fraccionamiento Pueblo Escondido,Urbano
83118,Colonia Jorge Valdez Muñoz,Urbano
83118,Fraccionamiento Privada San Germán,Urbano
83118,Fraccionamiento Pueblo del Sol,Urbano
83118,Fraccionamiento Villa Verde,Urbano
83118,Fraccionamiento Pueblo del Angel,Urbano
83118,Fraccionamiento Pueblitos Sección los Alamos,Urbano
83118,Fraccionamiento Villas de Turin,Urbano
83118,Colonia Laura Alicia Frías de López Nogales,Urbano
83118,Fraccionamiento Tierra Nueva,Urbano
83118,Fraccionamiento Casalta Residencial,Urbano
83118,Fraccionamiento Privadas del Real II Sección,Urbano
83118,Fraccionamiento Córdoba Residencial,Urbano
83118,Fraccionamiento Paseos del Pedregal,Urbano
83118,Fraccionamiento Fuente de Piedra,Urbano
83118,Fraccionamiento Puerta del Rey,Urbano
83118,Colonia Los Lingotes,Urbano
83120,Colonia Las Isabeles,Urbano
83120,Colonia Progresista,Urbano
83120,Colonia Unión de Colonos,Urbano
83120,Colonia Machi López,Urbano
83120,Fraccionamiento Misión Del Arco,Urbano
83120,Fraccionamiento Misioneros,Urbano
83120,Fraccionamiento Plaza Real,Urbano
83120,Fraccionamiento Virreyes,Urbano
83120,Colonia H Ayuntamiento,Urbano
83120,Fraccionamiento Los Viñedos,Urbano
83120,Colonia Real del Cardo,Urbano
83125,Colonia Villa Fontana,Urbano
83125,Fraccionamiento Plaza Grande,Urbano
83125,Fraccionamiento Misión San Jerónimo,Urbano
83126,Colonia Conquistadores,Urbano
83126,Colonia Cerro Colorado,Urbano
83126,Colonia Nueva Castilla,Urbano
83128,Colonia San Javier,Urbano
83129,Colonia Las Aves,Urbano
83130,Colonia Libertad,Urbano
83130,Colonia Santa Isabel,Urbano
83136,Colonia Choyal,Urbano
83136,Colonia Puesta del Sol,Urbano
83137,Colonia Las Flores,Urbano
83137,Colonia Cuartel Zona,Urbano
83138,Colonia Luis Encinas,Urbano
83138,Colonia Santa María,Urbano
83138,Fraccionamiento Bella Vista,Urbano
83138,Colonia Sonomex Norte,Urbano
83138,Fraccionamiento Condesa,Urbano
83139,Colonia Isssteson Norte,Urbano
83139,Colonia Las Torres,Urbano
83139,Colonia Reforma Norte,Urbano
83140,Colonia Bugambilia,Urbano
83140,Colonia Jesús García,Urbano
83140,Colonia Los Rosales,Urbano
83140,Fraccionamiento Plaza Inn,Urbano
83143,Fraccionamiento Ibiza Residencial,Urbano
83143,Fraccionamiento Residencial la Cañada,Urbano
83143,Fraccionamiento Cerrada Cucurpe,Urbano
83143,Fraccionamiento Cumbres Residencial,Urbano
83143,Fraccionamiento Cucurpe II,Urbano
83143,Fraccionamiento Privadas Residenciales,Urbano
83144,Colonia Sacramento Residencial,Urbano
83145,Fraccionamiento Colinas,Urbano
83145,Fraccionamiento Catalinas Residencial,Urbano
83145,Zona militar Zona Militar Cuartel XV,Urbano
83145,Fraccionamiento Terrazas Del Mirador,Urbano
83145,Fraccionamiento Santa Lucía,Urbano
83145,Colonia Privada Victoria,Urbano
83145,Fraccionamiento Colinas II,Urbano
83145,Fraccionamiento Vista del Sol Residencial,Urbano
83146,Colonia Los Sabinos,Urbano
83146,Fraccionamiento La Rioja Norte,Urbano
83146,Fraccionamiento La Paloma Residencial I,Urbano
83146,Fraccionamiento Quinta la Paloma,Urbano
83146,Fraccionamiento Puerta de Hierro,Urbano
83146,Fraccionamiento La Paloma Residencial II,Urbano
83146,Fraccionamiento Colinas de San Javier,Urbano
83147,Colonia Cuatro Olivos,Urbano
83147,Fraccionamiento Paseo de las Margaritas,Urbano
83147,Colonia Rosario Ibarra de Piedra,Urbano
83147,Fraccionamiento Sierra Blanca,Urbano
83147,Fraccionamiento Sierra Vista,Urbano
83148,Colonia Bachoco,Urbano
83148,Colonia Colina Blanca,Urbano
83148,Fraccionamiento Residencial Bretaña,Urbano
83148,Colonia El Dorado,Urbano
83148,Fraccionamiento Pueblo Alto Residencial,Urbano
83148,Fraccionamiento La Ventana,Urbano
83148,Colonia Loreto,Urbano
83148,Fraccionamiento Paseo de la Colina,Urbano
83148,Fraccionamiento Villa Toscana Residencial,Urbano
83148,Fraccionamiento Tosali Residencial,Urbano
83149,Colonia Francisco Villa,Urbano
83150,Colonia Constitución,Urbano
83150,Colonia Loma Linda,Urbano
83150,Colonia Pitic,Urbano
83156,Colonia Periodista,Urbano
83156,Colonia Casero Solar,Urbano
83157,Colonia Issste Federal,Urbano
83159,Colonia Lomas Altas,Urbano
83159,Fraccionamiento La Jolla Villa Turquesa,Urbano
83159,Fraccionamiento La Jolla Villa de los Diamantes,Urbano
83159,Fraccionamiento La Jolla Villa de los Zafiros,Urbano
83159,Fraccionamiento La Jolla Villa de las Esmeraldas,Urbano
83159,Fraccionamiento Las Lomas del Pitic,Urbano
83159,Colonia Cuartel Pitic,Urbano
83160,Colonia San Luis,Urbano
83160,Colonia Parque Industrial Pimex,Urbano
83164,Colonia Campestre Residencial,Urbano
83165,Colonia Cuartel XX Café Combate,Urbano
83166,Fraccionamiento Santerra,Urbano
83166,Fraccionamiento Rancho San Ignacio,Urbano
83166,Fraccionamiento Buenaventura,Urbano
83166,Fraccionamiento Hacienda Residencial Condominal,Urbano
83170,Colonia Adolfo López Mateos,Urbano
83170,Colonia Ãlvaro Obregón,Urbano
83170,Colonia Los Mirasoles,Urbano
83170,Colonia Antonio Parada Cano,Urbano
83170,Colonia 22 de Septiembre,Urbano
83170,Fraccionamiento Nueva España,Urbano
83170,Colonia Privada de los Azulejos,Urbano
83170,Colonia Buena Vista,Urbano
83170,Fraccionamiento Buenaventura,Urbano
83170,Colonia Internacional,Urbano
83170,Fraccionamiento Nueva Palmira Residencial,Urbano
83170,Colonia Las Plazas,Urbano
83170,Colonia San Bernardino,Urbano
83170,Colonia Paseo Del Sahuaro,Urbano
83171,Colonia Sahuaro Indeco,Urbano
83173,Colonia La Antorcha Campesina,Urbano
83173,Fraccionamiento Las Acacias,Urbano
83174,Colonia Sonacer,Urbano
83174,Fraccionamiento San Isidro,Urbano
83174,Fraccionamiento Vista Bella,Urbano
83174,Colonia Rancho Bonito Residencial,Urbano
83174,Zona industrial Parque Industrial Labor,Urbano
83174,Zona industrial Parque Industrial Dynatech,Urbano
83174,Colonia El Llanito,Urbano
83175,Colonia Jerez Del Valle,Urbano
83175,Fraccionamiento Topacio Residencial,Urbano
83175,Fraccionamiento Murano Residencial,Urbano
83175,Zona industrial Parque Industrial Latitud,Urbano
83175,Fraccionamiento Hacienda Del Sol,Urbano
83175,Fraccionamiento Valle Dorado,Urbano
83175,Colonia Nuevo Sahuaro,Urbano
83175,Colonia Casa Bonita Residencial,Urbano
83175,Fraccionamiento Villa Mercedes,Urbano
83175,Fraccionamiento Los Arroyos,Urbano
83175,Fraccionamiento La Cholla,Urbano
83175,Fraccionamiento Río de Plata,Urbano
83175,Fraccionamiento Casa Bonita II,Urbano
83175,Fraccionamiento El Esplendor,Urbano
83175,Fraccionamiento La Cholla II Sección,Urbano
83176,Zona industrial Parque Industrial,Urbano
83177,Fraccionamiento Stanza Solare Residencial,Urbano
83177,Fraccionamiento Las Veredas,Urbano
83177,Fraccionamiento California,Urbano
83177,Fraccionamiento Salamanca Residencial,Urbano
83177,Fraccionamiento Privada Sacramento,Urbano
83177,Fraccionamiento Santa Martha,Urbano
83177,Colonia Luis Donaldo Colosio,Urbano
83177,Fraccionamiento San Bosco,Urbano
83177,Fraccionamiento San Francisco,Urbano
83177,Fraccionamiento Luis Donaldo Colosio,Urbano
83177,Fraccionamiento Puerta Real Residencial,Urbano
83177,Fraccionamiento Benei Residencial,Urbano
83177,Fraccionamiento Palma Dorada Residencial,Urbano
83177,Fraccionamiento San Juan Bosco II,Urbano
83177,Fraccionamiento Lirios,Urbano
83177,Fraccionamiento San Marcos,Urbano
83177,Fraccionamiento Villa Sauces,Urbano
83178,Colonia Camino Real,Urbano
83178,Colonia La Misión,Urbano
83178,Fraccionamiento Sahuaro,Urbano
83178,Colonia Camino Real Norte,Urbano
83178,Colonia Sahuaro Final,Urbano
83179,Colonia Unión de Ladrilleros,Urbano
83179,Fraccionamiento Buenos Aires,Urbano
83179,Fraccionamiento Dunas,Urbano
83179,Fraccionamiento Del Bosque,Urbano
83179,Fraccionamiento Floresta Villa Ceiba,Urbano
83179,Colonia Sol Aguilar,Urbano
83179,Fraccionamiento FONHAPO,Urbano
83179,Fraccionamiento Floresta Villa Fresnos,Urbano
83179,Colonia Condominio San Pablo,Urbano
83179,Colonia División del Norte,Urbano
83179,Colonia Ampliación Ladrilleras,Urbano
83179,Colonia El Mirador (Invasión),Urbano
83179,Colonia El Chaparral (Invasión),Urbano
83179,Fraccionamiento Dunas II,Urbano
83179,Fraccionamiento Floresta Villa Ciruelos,Urbano
83179,Fraccionamiento Floresta Villa Cipreces,Urbano
83179,Fraccionamiento Floresta Villa Almendras,Urbano
83179,Fraccionamiento Oasis Lantana,Urbano
83180,Colonia Balderrama,Urbano
83180,Colonia Olivares,Urbano
83180,Colonia Olivares Norte,Urbano
83188,Colonia Pimentel,Urbano
83190,Colonia Modelo,Urbano
83190,Colonia San Benito,Urbano
83198,Colonia Inalámbrica,Urbano
83200,Colonia Rincón de La Herradura,Urbano
83200,Colonia Racquet Club I Sección Sur,Urbano
83200,Colonia Valle Verde,Urbano
83200,Colonia Villa Satélite,Urbano
83200,Colonia Racquet Club II Sección Norte,Urbano
83200,Zona comercial Plaza de Las Franquicias,Urbano
83204,Colonia Alameda,Urbano
83204,Colonia Torreón,Urbano
83204,Colonia Los Canarios,Urbano
83205,Colonia Valle Grande,Urbano
83206,Colonia Valle Del Sol,Urbano
83207,Colonia Valle Escondido,Urbano
83208,Colonia La Huerta,Urbano
83209,Colonia Valle Hermoso,Urbano
83210,Colonia El Llano,Urbano
83210,Fraccionamiento Siena Residencial,Urbano
83214,Colonia Quinta Emilia,Urbano
83220,Colonia La Manga,Urbano
83220,Fraccionamiento Real de Sevilla Club Residencial,Urbano
83220,Fraccionamiento La Coruña Residencial,Urbano
83220,Colonia Real del Llano,Urbano
83220,Fraccionamiento Villas del Mediterráneo Residencial,Urbano
83220,Fraccionamiento Campo Grande Residencial,Urbano
83223,Fraccionamiento Obispo Residencial,Urbano
83223,Fraccionamiento Coronado Residencial,Urbano
83223,Fraccionamiento Residencial Navarrete,Urbano
83223,Fraccionamiento San Andrés Residencial,Urbano
83224,Fraccionamiento Real de Castilla,Urbano
83224,Fraccionamiento Privada Dalí,Urbano
83224,Fraccionamiento La Encantada Privada Alebrijes,Urbano
83224,Fraccionamiento Villa de Parras Residencial,Urbano
83224,Colonia Nazareo Residencial,Urbano
83224,Colonia Real de Montejo,Urbano
83224,Fraccionamiento Obispos Residencial II,Urbano
83224,Fraccionamiento Real de Quiroga,Urbano
83224,Fraccionamiento Salvatierra Residencial,Urbano
83224,Fraccionamiento Parque Versalles,Urbano
83224,Fraccionamiento Paseo de las Misiones Residencial,Urbano
83224,Colonia Compostela Residencial,Urbano
83224,Fraccionamiento La Encantada Privada Tesoros,Urbano
83224,Fraccionamiento La Encantada Privada Azulejos,Urbano
83224,Fraccionamiento La Encantada Privada Leyendas,Urbano
83224,Fraccionamiento La Rioja,Urbano
83224,Fraccionamiento El Conquistador Residencial,Urbano
83224,Colonia Los Santos Residencial,Urbano
83229,Aeropuerto Hermosillo (General Ignacio Pesqueira García),Urbano
83230,Fraccionamiento Altozano,Urbano
83230,Fraccionamiento Bonaterra Residencial,Urbano
83230,Fraccionamiento Basalto,Urbano
83240,Colonia Fuentes Del Mezquital,Urbano
83240,Colonia Las Quintas,Urbano
83240,Condominio Tejares,Urbano
83240,Fraccionamiento Alcalá Residencial,Urbano
83240,Colonia Valle Bonito,Urbano
83240,Fraccionamiento Villa Sol,Urbano
83240,Fraccionamiento Villa Florencia,Urbano
83240,Fraccionamiento Valle del Lago Residencial,Urbano
83240,Fraccionamiento Portal del Lago,Urbano
83243,Fraccionamiento Corceles Residencial,Urbano
83243,Fraccionamiento Alta Riviera Residencial,Urbano
83243,Fraccionamiento Castello Residencial,Urbano
83243,Fraccionamiento Rivello Residencial,Urbano
83243,Fraccionamiento El Secreto,Urbano
83243,Fraccionamiento Rivello III,Urbano
83243,Fraccionamiento Villa de los Corceles,Urbano
83243,Fraccionamiento Las Provincias,Urbano
83244,Fraccionamiento Concordia Residencial,Urbano
83245,Fraccionamiento Punta de Lago,Urbano
83245,Fraccionamiento Los Lagos,Urbano
83245,Fraccionamiento Nueva Galicia,Urbano
83246,Colonia Mezquital Del Oro,Urbano
83246,Colonia Paseo del Sol,Urbano
83246,Fraccionamiento Casa Grande Residencial I,Urbano
83246,Fraccionamiento Casa Grande Residencial II,Urbano
83246,Fraccionamiento Casa Grande Residencial III,Urbano
83246,Fraccionamiento Quintas Galicia,Urbano
83246,Fraccionamiento Condominio Hacienda Real,Urbano
83247,Fraccionamiento Flamingos,Urbano
83247,Fraccionamiento Los Portales,Urbano
83247,Fraccionamiento Llano Verde,Urbano
83247,Fraccionamiento Vista del Lago,Urbano
83247,Fraccionamiento Puerta Grande,Urbano
83247,Colonia Oficinas Federales,Urbano
83247,Fraccionamiento Cataviña Residencial,Urbano
83248,Fraccionamiento Residencial de Anza,Urbano
83249,Colonia Santa Fe,Urbano
83249,Condominio Torre KYO Navarrete,Urbano
83249,Fraccionamiento Campanario,Urbano
83249,Fraccionamiento Capistrano Residencial,Urbano
83249,Fraccionamiento Staus,Urbano
83249,Colonia Seminario Residencial,Urbano
83249,Fraccionamiento Montebello Residencial,Urbano
83249,Fraccionamiento Alta California Residencial,Urbano
83249,Fraccionamiento Tierra Blanca,Urbano
83249,Equipamiento Seminario Mayor,Urbano
83250,Colonia Las Granjas,Urbano
83250,Colonia Los Arcos,Urbano
83250,Colonia Palmar Del Sol,Urbano
83250,Zona comercial Metrocentro,Urbano
83250,Colonia Fuentes del Centenario,Urbano
83250,Colonia El Recodo,Urbano
83255,Colonia Real Del Arco,Urbano
83260,Colonia Centenario,Urbano
83260,Colonia Bernardo Esqueda,Urbano
83260,Colonia Prados del Centenario,Urbano
83260,Colonia San Antonio,Urbano
83260,Colonia Isssteson Centenario,Urbano
83270,Colonia El Malecón,Urbano
83270,Colonia La Mosca,Urbano
83270,Colonia Las Palmas,Urbano
83270,Zona industrial Proyecto Río Sonora,Urbano
83278,Colonia ISSSTESON Colegio Lux,Urbano
83279,Colonia Militar,Urbano
83280,Colonia Cerro de La Cruz,Urbano
83280,Colonia El Jito,Urbano
83280,Colonia Emiliano Zapata,Urbano
83280,Colonia Palo Verde,Urbano
83280,Colonia Tiro Al Blanco,Urbano
83280,Colonia Villa de Seris,Urbano
83280,Colonia Villa Hermosa,Urbano
83280,Fraccionamiento La Candelaria,Urbano
83280,Colonia Solidaridad Vildosola,Urbano
83280,Equipamiento Colegio de Bachilleres,Urbano
83280,Fraccionamiento San Pablo,Urbano
83280,Colonia Los Poetas,Urbano
83283,Fraccionamiento Haciendas del Sur,Urbano
83284,Fraccionamiento Santa Anita Residencial,Urbano
83284,Fraccionamiento Quinta Esmeralda,Urbano
83284,Colonia Las Peredas,Urbano
83284,Fraccionamiento San Fermín,Urbano
83284,Colonia Las Tres Reynas,Urbano
83284,Colonia Casa Linda,Urbano
83284,Fraccionamiento Costa del Sol,Urbano
83284,Colonia Palo Verde Indeur los Olivos,Urbano
83284,Colonia Nueva Esperanza,Urbano
83284,Colonia Los Girasoles,Urbano
83284,Colonia Hacienda los Alcatraces,Urbano
83284,Colonia Hacienda los Lirios,Urbano
83284,Colonia Villa las Lomas,Urbano
83284,Fraccionamiento Villas del Sur,Urbano
83284,Fraccionamiento Agaves Residencial,Urbano
83284,Fraccionamiento Quintas del Sol Residencial,Urbano
83284,Colonia Los Olivos,Urbano
83284,Colonia Adolfo López Mateos,Urbano
83285,Colonia Las Minitas,Urbano
83285,Fraccionamiento Florenza Residencial,Urbano
83285,Fraccionamiento Montereal,Urbano
83285,Fraccionamiento Mesaverde,Urbano
83285,Fraccionamiento Oasis Solera,Urbano
83285,Fraccionamiento El Alamo Residencial,Urbano
83285,Colonia Nueva Ilusión,Urbano
83285,Fraccionamiento Florenza Plus,Urbano
83285,Colonia Arco Iris,Urbano
83285,Colonia Hermosa Provincia,Urbano
83285,Colonia San José de las Minitas,Urbano
83285,Colonia Villa Sureña,Urbano
83285,Colonia El Mezquite,Urbano
83285,Colonia Cerrada de Minas,Urbano
83285,Fraccionamiento Real de Minas,Urbano
83285,Fraccionamiento Oasis del Sol,Urbano
83285,Fraccionamiento Oasis Santa Fe,Urbano
83285,Fraccionamiento Oasis Solana,Urbano
83285,Fraccionamiento Quinta Real,Urbano
83285,Fraccionamiento Puerta Esmeralda,Urbano
83285,Colonia Ejido el Buey,Urbano
83285,Fraccionamiento Oasis Palmeira,Urbano
83286,Colonia Tirocapes,Urbano
83286,Colonia Cerro Apache,Urbano
83287,Colonia El Apache,Urbano
83287,Colonia Nacameri,Urbano
83287,Colonia San Angel,Urbano
83287,Fraccionamiento Alegranza Residencial,Urbano
83287,Fraccionamiento Renaceres,Urbano
83287,Fraccionamiento Valle San Francisco,Urbano
83287,Fraccionamiento Aurea Residencial,Urbano
83287,Colonia Ejido de Villa de Seris,Urbano
83287,Fraccionamiento Monet,Urbano
83287,Colonia Las Placitas,Urbano
83287,Fraccionamiento Sorento Residencial,Urbano
83287,Fraccionamiento Aurea Argento,Urbano
83287,Fraccionamiento Paseo San Angel,Urbano
83287,Colonia Camino del Seri,Urbano
83287,Fraccionamiento Real del Carmen,Urbano
83287,Colonia Residencial Pima,Urbano
83287,Colonia Los Tulipanes,Urbano
83287,Fraccionamiento Portal Del Pitic,Urbano
83287,Fraccionamiento Casa Real,Urbano
83287,Fraccionamiento Soleil Residencial,Urbano
83287,Fraccionamiento Urbi Villa del Prado,Urbano
83287,Fraccionamiento Arcángel Residencial,Urbano
83287,Fraccionamiento Paseo Real Residencial,Urbano
83287,Fraccionamiento Azores Residencial,Urbano
83287,Fraccionamiento Urbi Villa Campestre,Urbano
83288,Fraccionamiento Genova Residencial,Urbano
83288,Unidad habitacional Fovissste,Urbano
83288,Fraccionamiento Corsica Residencial,Urbano
83288,Fraccionamiento Sedona Residencial,Urbano
83288,Fraccionamiento Barcelona Residencial,Urbano
83288,Fraccionamiento Real de Toledo Residencial,Urbano
83288,Fraccionamiento San Marino Residencial,Urbano
83288,Condominio Kyo Upday,Urbano
83288,Colonia Montecarlo Residencial,Urbano
83288,Fraccionamiento La Verbena,Urbano
83288,Fraccionamiento Villa Bonita,Urbano
83288,Fraccionamiento Río Grande Residencial,Urbano
83288,Fraccionamiento Privada Rosales,Urbano
83288,Colonia Mónaco Privadas Residenciales,Urbano
83288,Fraccionamiento Residencial Peñasco,Urbano
83288,Fraccionamiento Marsella Residencial,Urbano
83288,Fraccionamiento Jardines de Mónaco,Urbano
83288,Fraccionamiento Asturias Residencial,Urbano
83288,Fraccionamiento Villa Lourdes,Urbano
83288,Fraccionamiento Villa Residencial Bonita,Urbano
83288,Colonia Las Praderas IV,Urbano
83288,Colonia Las Praderas Norte,Urbano
83288,Colonia Las Praderas Sur (FOVISSSTE),Urbano
83288,Fraccionamiento Arandas Residencial,Urbano
83289,Colonia Las Villas,Urbano
83289,Fraccionamiento Francisco Eusebio Kino ISSSTESON,Urbano
83290,Colonia Piedra Bola (Pedregal de la Villa),Urbano
83290,Colonia Y Griega,Urbano
83293,Fraccionamiento Urbi Alameda los Encinos II Residencial,Urbano
83293,Colonia Akiwiki,Urbano
83293,Colonia Lomas Del Mirador,Urbano
83293,Colonia Las Lomas Del Sol,Urbano
83293,Colonia Las Lomas Del Sur,Urbano
83293,Colonia Las Lomas Sección los Manzanos,Urbano
83293,Colonia Central de Abastos,Urbano
83293,Colonia Las Lomas de Cortes,Urbano
83293,Colonia Las Lomas Sección Bonita,Urbano
83293,Colonia Las Lomas Sección Castaños,Urbano
83293,Colonia Las Lomas Privada las Lomas,Urbano
83293,Colonia Las Lomas Sección El Paraíso,Urbano
83293,Colonia Las Lomas Privada Del Bosque,Urbano
83293,Colonia Las Lomas Real Del Parque,Urbano
83293,Fraccionamiento Urbi Villa del Rey Sección Manzanos II,Urbano
83293,Fraccionamiento Urbi Villa del Rey Sección Castaños III,Urbano
83293,Fraccionamiento Urbi Villa del Rey Sección Castaños II,Urbano
83293,Fraccionamiento Urbi Villa del Rey Sección los Almendros II,Urbano
83293,Fraccionamiento Urbi Villa del Rey Sección los Almendros III,Urbano
83293,Fraccionamiento Urbi Villa del Rey Sección Castaños IV,Urbano
83293,Fraccionamiento Urbi Villa del Rey,Urbano
83293,Fraccionamiento Urbi Villa del Rey Sección los Almendros I,Urbano
83293,Fraccionamiento Urbi Villa del Rey Sección Castaños I,Urbano
83293,Fraccionamiento Las Lomas,Urbano
83293,Fraccionamiento La Campana,Urbano
83293,Fraccionamiento Urbi Alameda los Encinos I Residencial,Urbano
83293,Fraccionamiento Privada Villa del Rey,Urbano
83293,Zona industrial Sector Industrial Presa,Urbano
83294,Colonia Cuauhtémoc,Urbano
83294,Colonia Los Alamos,Urbano
83294,Fraccionamiento Perisur,Urbano
83294,Fraccionamiento Valle del Marquez,Urbano
83294,Colonia Rincón Del Marquez,Urbano
83295,Colonia Adolfo de La Huerta,Urbano
83295,Colonia Comercial Cedros,Urbano
83296,Fraccionamiento Colinas del Sur,Urbano
83296,Fraccionamiento Nuevo Hermosillo,Urbano
83296,Fraccionamiento Castelina,Urbano
83296,Fraccionamiento Bonanza Residencial,Urbano
83296,Fraccionamiento Altares,Urbano
83296,Fraccionamiento Chula Vista,Urbano
83296,Fraccionamiento Las Diligencias,Urbano
83296,Fraccionamiento Arboledas,Urbano
83296,Fraccionamiento Renacimiento,Urbano
83296,Fraccionamiento Terranova,Urbano
83296,Fraccionamiento Altamira,Urbano
83296,Fraccionamiento Las Carretas,Urbano
83296,Fraccionamiento Altares II,Urbano
83296,Fraccionamiento Santa Cecilia,Urbano
83296,Fraccionamiento Altares Rancho Grande,Urbano
83296,Fraccionamiento Jacarandas,Urbano
83296,Fraccionamiento Valle de los Almendros,Urbano
83296,Fraccionamiento Mallorca Residencial,Urbano
83296,Fraccionamiento Vista Real,Urbano
83297,Fraccionamiento Gala III,Urbano
83297,Fraccionamiento Gala I,Urbano
83297,Zona industrial Parque Industrial Sonora,Urbano
83297,Fraccionamiento Agualurca,Urbano
83297,Fraccionamiento Sierra Clara,Urbano
83297,Zona industrial Parque Industrial Dynatech Sur,Urbano
83297,Fraccionamiento Gala II,Urbano
83299,Zona industrial Parque Industrial Hermosillo,Urbano
83300,Pueblo El Saucito,Rural
83300,Paraje Estación Zamora,Rural
83300,Ranchería La Labor,Rural
83300,Ranchería El Zacatón,Rural
83300,Fraccionamiento Real del Alamito [Fraccionamiento Campestre],Rural
83300,Ejido Real del Alamito,Rural
83300,Ejido La Cuesta [Viñedo],Rural
83300,Fraccionamiento Fraccionamiento Campestre las Granjas,Rural
83300,Ejido Campo del Carmen,Rural
83300,Ranchería René Córdova,Rural
83300,Ranchería Adán López,Rural
83300,Ranchería Agrícola Martha,Rural
83300,Granja Alto Verde (Río Blanco),Rural
83300,Ranchería Agropecuaria Blanca Julia,Rural
83300,Granja Agropecuaria San Víctor (Víctor Palomino),Rural
83300,Ranchería Alejandro Gutiérrez,Rural
83300,Ranchería Alemania,Rural
83300,Ranchería Alemania Dos,Rural
83300,Ranchería Alfonso Ponce,Rural
83300,Ranchería Arturo Wereca,Rural
83300,Ranchería Benito Félix,Rural
83300,Ranchería Campito la Herradura,Rural
83300,Ranchería Campo la Valiana,Rural
83300,Ranchería Campo las Lomitas,Rural
83300,Ranchería Campo Michelle,Rural
83300,Ranchería Montecristo,Rural
83300,Equipamiento Carlos de León Fernández (Vivero),Rural
83300,Ranchería Casa Blanca,Rural
83300,Ranchería Casa de Alto (Ramón Preciado),Rural
83300,Ranchería Chichí López,Rural
83300,Ranchería La Herradura [Campestre],Rural
83300,Ranchería El Alamito,Rural
83300,Ranchería El Porvenir,Rural
83300,Ejido El Carmen,Rural
83300,Ranchería Clara EloÃ­sa Othón (El Alamito),Rural
83300,Ranchería El Alamito,Rural
83300,Ranchería El Alamito [Fundidora],Rural
83300,Ranchería Chulavista Dos,Rural
83300,Ranchería Campo La Noria [Leyva Espinoza],Rural
83300,Ejido El Alamito,Rural
83300,Granja El Alamito,Rural
83300,Ranchería El Bachatal,Rural
83300,Ranchería El Baiburín,Rural
83300,Hacienda El Dorado,Rural
83300,Granja Campo Gassa (Asociación Ganadera de Alimentos),Rural
83300,Ejido El Cebollón [Campestre],Rural
83300,Ranchería Alberto Guzmán,Rural
83300,Ranchería El Pepache (Francisco Quiroga),Rural
83300,Ranchería El Jecotal,Rural
83300,Ranchería El Mahuachi,Rural
83300,Ranchería El Memucho,Rural
83300,Ranchería El Milagro,Rural
83300,Ranchería El Mocloy,Rural
83300,Ranchería El Modelo,Rural
83300,Ranchería El Nogal,Rural
83300,Ranchería El Ocotillo [Fraccionamiento],Rural
83300,Ranchería El Orégano,Rural
83300,Ranchería El Otro Lado,Rural
83300,Ranchería El Palo Fierro,Rural
83300,Ranchería El Recodo,Rural
83300,Ranchería El Repecho,Rural
83300,Ranchería El Repecho (Javier López Molina),Rural
83300,Ranchería El Represito (Heriberto Peralta),Rural
83300,Ranchería El Represo,Rural
83300,Hacienda El Resplandor [Hacienda],Rural
83300,Ranchería El Retanque,Rural
83300,Ranchería El Rosario,Rural
83300,Ranchería El Bohemio,Rural
83300,Ranchería El Saucito 2,Rural
83300,Ranchería El Saucito de Enmedio,Rural
83300,Ranchería El Tijerito,Rural
83300,Ejido El Tijerito,Rural
83300,Ranchería Elías Córdova,Rural
83300,Ranchería Elías Ortega,Rural
83300,Equipamiento Engorda Campo Nuevo,Rural
83300,Ranchería Establo San Marcos,Rural
83300,Ranchería Establo Santo Niño,Rural
83300,Ranchería La Parcela [José Jesús Miramontes],Rural
83300,Ranchería Nopales María Dolores,Rural
83300,Ranchería Finca las Moras,Rural
83300,Fraccionamiento Fraccionamiento Chula Vista,Rural
83300,Fraccionamiento Fraccionamiento Río Bonito,Rural
83300,Ranchería Porfirio Corella,Rural
83300,Ranchería Granja San Judas,Rural
83300,Ranchería Casa Blanca,Rural
83300,Ranchería Guadalupe,Rural
83300,Ranchería Guadalupe Germán,Rural
83300,Ranchería Héctor Ruiz,Rural
83300,Ranchería Isidro Castellano,Rural
83300,Ranchería La Milagrosa II,Rural
83300,Ranchería Jesús Castellanos,Rural
83300,RancheríaJosé Esparza Rivera,Rural
83300,Ranchería Campestre Casa Blanca,Rural
83300,RancheríaJosé Jesús Corrales,Rural
83300,Ranchería Josefina Dos,Rural
83300,Ranchería Juan Manuel Bracamontes,Rural
83300,Ranchería LM,Rural
83300,Ranchería La Coyota (La Coyotita),Rural
83300,Ranchería La Coyotita,Rural
83300,Ranchería La Cuesta (Pozo Dos) [Viñedo],Rural
83300,Ranchería La Finca,Rural
83300,Ranchería La Florida [viñedo],Rural
83300,Ranchería Las Milpas,Rural
83300,Ranchería La Gravera,Rural
83300,Ranchería La Herradura,Rural
83300,Ranchería La India,Rural
83300,Ranchería La Labor [Hacienda],Rural
83300,Ranchería La Loma,Rural
83300,Ranchería La Milagrosa,Rural
83300,Ranchería La Milagrosa [Engorda],Rural
83300,Ranchería La Nopalera,Rural
83300,Ejido La Nopalera,Rural
83300,Ranchería La Noria,Rural
83300,Ejido La Noria,Rural
83300,Ranchería Rascón Coronado [Palos Fierro],Rural
83300,Ranchería La Resolana,Rural
83300,Ranchería La Tembladera de Abajo,Rural
83300,Ranchería La Tijera,Rural
83300,Ranchería La Tortuga,Rural
83300,Ranchería Las Brechas,Rural
83300,Ranchería Las Ceibas,Rural
83300,Ranchería Las Dos Marías,Rural
83300,Granja Campestre Hacienda la Labor,Rural
83300,Ranchería Las Merceditas (Agronuts),Rural
83300,Ranchería Campo LUFATE,Rural
83300,Ranchería Alejandro Rival Sánchez,Rural
83300,Ranchería Las Palmas (Víctor Palma),Rural
83300,Ranchería Las Isabeles (José Castellano),Rural
83300,Ranchería Las Tortolitas,Rural
83300,Ranchería Laura Bella Dos,Rural
83300,Ranchería Laura Bella Uno,Rural
83300,Ranchería Laureles,Rural
83300,Ranchería Los Benavides,Rural
83300,Ranchería Los Cúmaros (Establo San Francisco),Rural
83300,Ranchería Los Jardines,Rural
83300,Ranchería Santa Eduwiges,Rural
83300,Ranchería Los Mezquites,Rural
83300,Ranchería Los Milagros,Rural
83300,Ranchería Los Moros,Rural
83300,Ranchería Los Pinitos,Rural
83300,Ranchería Los Pozos,Rural
83300,Ejido Los Pozos,Rural
83300,Ranchería Los Pachecos,Rural
83300,Ejido Los Sauces,Rural
83300,Ranchería Los Vados,Rural
83300,Ranchería El Jarrito,Rural
83300,Granja Manantial de Camoú [Campestre],Rural
83300,Ranchería Campestre Bermudas [Manuel Ruiz],Rural
83300,Granja Mazocari [Agropecuaria],Rural
83300,Ranchería Víctor Córdova,Rural
83300,Ranchería El Perú (Patrocipes),Rural
83300,Granja Porcicola Clamaral,Rural
83300,Ranchería Puzolana San José,Rural
83300,Ranchería Manuel Samaniego,Rural
83300,Ranchería Ramón Trujillo (La Milpa),Rural
83300,Ranchería Real de Mulato,Rural
83300,Ranchería Ricardo Retes,Rural
83300,Ranchería Rosalía Chávez,Rural
83300,Ranchería San Alberto,Rural
83300,Ranchería San Emilio,Rural
83300,Ranchería San Esteban,Rural
83300,Ranchería San Fernando (La Bolsas),Rural
83300,Ranchería San Francisco,Rural
83300,Ejido San Francisco,Rural
83300,Ranchería San Javier,Rural
83300,Ranchería San José,Rural
83300,Ranchería San Juan,Rural
83300,Ejido San Juan,Rural
83300,Ranchería San Juanico [Campestre],Rural
83300,Ranchería San Judas,Rural
83300,Ranchería San Leopoldo,Rural
83300,Ranchería San Lorenzo,Rural
83300,Ranchería San Martín,Rural
83300,Ranchería San Martín (Alamito),Rural
83300,Ranchería San Miguel,Rural
83300,Ranchería San Pedrito,Rural
83300,Ranchería La Herradura,Rural
83300,Ranchería San Rafael [Campestre],Rural
83300,Ranchería San Rodolfo,Rural
83300,Ranchería Santa Anita 1,Rural
83300,Ranchería Santa Belem,Rural
83300,Ranchería Los Sauces,Rural
83300,Ejido Santa Elena,Rural
83300,Ranchería Santa Lucina [Campestre],Rural
83300,Ranchería Santa Rita,Rural
83300,Ejido Santa Rita,Rural
83300,Ranchería Santa Rosa,Rural
83300,Ejido Santa Rosa,Rural
83300,Ranchería Santa Teresa,Rural
83300,Ranchería Santa Teresa (Los Ruices),Rural
83300,Ranchería Santa Teresita,Rural
83300,Ranchería San Alonso,Rural
83300,Ranchería La Fuente de la Juventud,Rural
83300,Ranchería Sol Azteca,Rural
83300,Ranchería Villa Dorada,Rural
83300,Ranchería Villa Guadalupe [Campestre],Rural
83300,Ranchería Villa Manantial [Campestre],Rural
83300,Ranchería Viñedo 2000,Rural
83300,Ejido Viñedos 2000 Sur,Rural
83300,Rancho Viñedo 2000,Rural
83300,Ranchería Viñedos del Pozzo,Rural
83300,Ranchería Rancho Sonora,Rural
83303,Ejido Mesa del Seri,Rural
83303,Ejido Molino de Camou (San Isidro),Rural
83303,Ejido Topahue,Rural
83303,Pueblo San José de Gracia,Rural
83303,Ranchería San Francisco de Batuc,Rural
83303,Fraccionamiento Hacienda de los Valencia,Rural
83303,Ejido El Alamito Buenavista (El Tronconal),Rural
83303,Ejido San Juan,Rural
83303,Ranchería Agropecuaria el Salvador,Rural
83303,Ranchería Alberto Bustamante,Rural
83303,Ranchería Alejandro Córdova (El Alamito),Rural
83303,Ranchería Andrés Beltrán,Rural
83303,Ranchería Apolo,Rural
83303,Ranchería Arivechi,Rural
83303,Ranchería Armando Ramírez,Rural
83303,Ranchería Buena Vista,Rural
83303,Fraccionamiento Buena Vista [Fraccionamiento Campestre],Rural
83303,Ranchería Campestre San Isidro,Rural
83303,Ranchería Campo Nuevo,Rural
83303,Ranchería Campo Sergio López Luna,Rural
83303,Ranchería Elmer García,Rural
83303,Ranchería Cerro las Hormigas (Jesús Mario),Rural
83303,Ranchería Chano Quintero,Rural
83303,Ranchería Crisosa (Cribadora de Sonora),Rural
83303,Ranchería San Miguel,Rural
83303,Ranchería Danny,Rural
83303,Ranchería Dinámica del Pacífico (Santa Fe),Rural
83303,Ranchería Don Nazario,Rural
83303,Ranchería El Abra,Rural
83303,Ranchería El Terreno,Rural
83303,Ranchería El Chinalito,Rural
83303,Ranchería El Alamo [Fraccionamiento Campestre],Rural
83303,Ranchería El Barzón,Rural
83303,Equipamiento Constructora Elga,Rural
83303,Ranchería El Alamito (Campo el Chale),Rural
83303,Ranchería El Bofito,Rural
83303,Ranchería El Cable (Santa Mercedes),Rural
83303,Ranchería El Cachoral,Rural
83303,Ranchería El Cajón Verde,Rural
83303,Ranchería El Campito,Rural
83303,Ejido El Campito,Rural
83303,Ranchería El Campito Montaño,Rural
83303,Ranchería El Cantón,Rural
83303,Ranchería El Chiltepí­n,Rural
83303,Ranchería El Cimarrón,Rural
83303,Ranchería El Coyote,Rural
83303,Ranchería El Cuatro,Rural
83303,Ranchería El Esfuerzo,Rural
83303,Ejido El Garambullo,Rural
83303,Ranchería El Garambullo,Rural
83303,Ranchería El Laberinto,Rural
83303,Ranchería El Maguachi,Rural
83303,Ranchería El Milagro,Rural
83303,Granja El Milagro [Porcícola],Rural
83303,Ranchería El Moisés,Rural
83303,Ranchería El Molino,Rural
83303,Ranchería El Nomo,Rural
83303,Ranchería El Papalote,Rural
83303,Ranchería El Paredón,Rural
83303,Ranchería El Paredón Dos,Rural
83303,Ranchería El Pinal (El Alamito),Rural
83303,Ranchería El Pozo,Rural
83303,Ranchería El Pozo Nuevo,Rural
83303,Ranchería El Ranchito,Rural
83303,Ranchería El Rancho,Rural
83303,Ejido El Realito,Rural
83303,Ranchería El Recobeco,Rural
83303,Ranchería El Recodo,Rural
83303,Ranchería El Resbaladero,Rural
83303,Ranchería El Resbaladero Dos,Rural
83303,Ranchería El Río,Rural
83303,Ranchería El Rodeo,Rural
83303,Ejido El Sacrificio,Rural
83303,Ranchería El Sahuaro,Rural
83303,Ranchería El Sauzaba,Rural
83303,Ranchería El Tejabán,Rural
83303,Ranchería El Temporal,Rural
83303,Ranchería El Tren Grande,Rural
83303,Ranchería El Zanjón,Rural
83303,Ranchería Fernando Molina Lord,Rural
83303,Fraccionamiento Fraccionamiento Campestre la Colmena,Rural
83303,Ranchería Francisco Bustamante,Rural
83303,Ejido Fructuoso Méndez,Rural
83303,Ranchería Guadalupe,Rural
83303,Ejido Guadalupe,Rural
83303,Rancho San Juacico Bajo,Rural
83303,Ranchería Instituto de Tratamiento y Aplicación para Ad,Rural
83303,Ejido Jacinto López (La Galera),Rural
83303,Ranchería Jesús Ramírez (El Alamito),Rural
83303,Ranchería Jorge Camou,Rural
83303,Ranchería Jorge Rosales,Rural
83303,Ranchería Juan Barrera Navarro,Rural
83303,Ranchería Juan Silvestre,Rural
83303,Ranchería La Casita,Rural
83303,Ranchería La Chicharra,Rural
83303,Ranchería La Chinapita,Rural
83303,Ranchería La Colmena (Pozo Cuatro) [Huerta],Rural
83303,Ranchería La Coteña,Rural
83303,Ranchería La Cuesta [Engorda],Rural
83303,Ranchería La Esperanza (René Sicre),Rural
83303,Ranchería La Galera,Rural
83303,Ranchería La Laguna,Rural
83303,Ranchería La Loma (La Lomita),Rural
83303,Ranchería La Mosa (El Campo del Capi),Rural
83303,Ejido La Nopalera,Rural
83303,Ranchería La Palapa,Rural
83303,Ranchería La Pomona,Rural
83303,Ranchería La Postera,Rural
83303,Ranchería La Poza,Rural
83303,Ranchería La Pradera,Rural
83303,Ranchería La Quinta,Rural
83303,Ranchería La Reforma,Rural
83303,Ranchería La Rinconada (Los Boris),Rural
83303,Ranchería La Rosillita del Chino,Rural
83303,Ranchería La Victoria,Rural
83303,Ranchería La Victoria (Francisco Quiroga) [Establo],Rural
83303,Ranchería La Victoria (La Crinolina) [Corrales],Rural
83303,Ranchería Lágrimas Ranch,Rural
83303,Ranchería Las Albercas [Campestre],Rural
83303,Ranchería Las Cruces,Rural
83303,Ranchería Las Milpas,Rural
83303,Ranchería Las Praderas,Rural
83303,Ranchería Las Zayas,Rural
83303,Ranchería Latifundio San Jorge,Rural
83303,Ranchería Leobardo Miranda,Rural
83303,Ranchería Leopoldo Sánchez,Rural
83303,Ranchería Lino Martínez,Rural
83303,Ranchería Los Camichines [Agropecuaria],Rural
83303,Ranchería Los Chinos,Rural
83303,Ranchería Los Chirriones,Rural
83303,Ranchería Los Dos Ríos,Rural
83303,Ranchería Los Ingenieros,Rural
83303,Ranchería Los Lareños (La Iguana),Rural
83303,Ranchería Los Millán,Rural
83303,Ranchería Los Nogales,Rural
83303,Ejido Los Nogales,Rural
83303,Ranchería Los Temporales,Rural
83303,Ranchería Lotes Campestres CESUES,Rural
83303,Ranchería Lux,Rural
83303,Ranchería Madero,Rural
83303,Ranchería Manuel Avila Saavedra,Rural
83303,Ranchería Manuel Durazo,Rural
83303,Ranchería Marlén,Rural
83303,Ranchería Misión de San José,Rural
83303,Ranchería Norababi,Rural
83303,Ranchería Parcela Janeth,Rural
83303,Granja Porcícola Brival,Rural
83303,Ranchería Porcícola San Armando,Rural
83303,Ranchería Pozo de Toyos,Rural
83303,Ranchería Pozo Nuevo,Rural
83303,Ranchería Predio Guadalupe,Rural
83303,Ranchería Ramón Morales Durazo (El Pipi),Rural
83303,Ranchería Rancho Diana,Rural
83303,Ranchería Rancho López,Rural
83303,Ranchería Rancho Noriega,Rural
83303,Ranchería Real del Molinito [Campestre],Rural
83303,Ranchería Río Sol,Rural
83303,Ranchería Rosilla de Salazar,Rural
83303,Ranchería Rubén Silva (El Alamito),Rural
83303,Ranchería Sacramento,Rural
83303,Ejido Sacramento,Rural
83303,Ranchería San Agustín (El Toti),Rural
83303,Ranchería San Alberto (Campo la Loma),Rural
83303,Ranchería San Antonio,Rural
83303,Ejido San Antonio,Rural
83303,Ranchería San Bartolo,Rural
83303,Ranchería San Eduardo Dos,Rural
83303,Ranchería San Eduardo Uno,Rural
83303,Ranchería San Ernesto,Rural
83303,Ranchería San Felipe,Rural
83303,Ranchería San Fernando,Rural
83303,Ranchería San Francisco,Rural
83303,Ejido San Francisquito,Rural
83303,Ranchería San Gerónimo,Rural
83303,Ranchería San Joaquín (Mayola),Rural
83303,Ranchería San José,Rural
83303,Ejido San José,Rural
83303,Ranchería San Juan de los Pinos,Rural
83303,Ranchería San Juan del Río,Rural
83303,Ranchería San Juanico el Alto (La Victoria),Rural
83303,Ranchería San Judas,Rural
83303,Ranchería San Martín,Rural
83303,Ranchería San Martín,Rural
83303,Ranchería San Nicolás,Rural
83303,Ranchería San Rafael,Rural
83303,Ranchería San Ramón,Rural
83303,Ranchería San Salvador,Rural
83303,Ejido San Salvador,Rural
83303,Ranchería Santa Catalina,Rural
83303,Ranchería Santa Cruz,Rural
83303,Ejido Santa Cruz,Rural
83303,Ranchería Santa Eduwiges,Rural
83303,Ranchería Santa Elena,Rural
83303,Ranchería Santa Emilia,Rural
83303,Ranchería Santa Estela,Rural
83303,Ranchería Santa Guadalupe,Rural
83303,Ranchería Santa Laura,Rural
83303,Ranchería Santa María (Ricardo Jaime),Rural
83303,Ranchería Santa Martha,Rural
83303,Ranchería Santa Martha,Rural
83303,Ranchería Santa Patricia,Rural
83303,Ranchería Santa Rosa,Rural
83303,Ranchería Santa Rosa,Rural
83303,Ranchería Santa Teresita,Rural
83303,Ranchería Sierra Grande Alimentos,Rural
83303,Ranchería Sociedad Agrícola San Francisco de Batuc,Rural
83303,Ranchería Tacupeto,Rural
83303,Ranchería La Tezota,Rural
83303,Ranchería Tierra Bonita [Campestre],Rural
83303,Ranchería Tres Pueblos,Rural
83303,Ranchería UGRS,Rural
83303,Ranchería Valle Verde,Rural
83303,Ranchería Villa Lucía,Rural
83303,Ranchería Viveros Guayacanes,Rural
83303,Equipamiento CFE Central Ciclo Combinado Hermosillo,Rural
83304,Ejido El Tazajal,Rural
83304,Equipamiento Universidad del Valle de México,Urbano
83304,Equipamiento Block Carolina,Rural
83304,Equipamiento Block Mexicano de Tacupeto,Rural
83304,Equipamiento Colegio Irlandés,Urbano
83304,Ranchería Charro Granillo,Rural
83304,Ranchería Isdamar,Rural
83304,Ranchería Corrales San José,Rural
83304,Ranchería El Chaparral [Fraccionamiento],Rural
83304,Ranchería El Crucero (Cuchilla la Pagasa),Rural
83304,Ranchería El Seri,Rural
83304,Fraccionamiento Las Riberas,Urbano
83304,Zona comercial Gimports de México,Urbano
83304,Ranchería La Casona,Rural
83304,Ejido La Victoria,Rural
83304,Ranchería Los Juancitos,Rural
83304,Ranchería Molino Trujillo,Rural
83304,Rancho Montecasino,Urbano
83304,Ranchería Paloma Agroindustrial,Rural
83304,Zona industrial Porcícola Dolores,Urbano
83304,Rancho El Tazajal,Rural
83304,Zona industrial Prefabricados de Concreto (PYPCO),Urbano
83304,Zona industrial Salvador Quijada Jiménez (SQTECH),Urbano
83304,Zona industrial Parque Industrial Luvira,Urbano
83304,Rancho San Quilmas,Urbano
83304,Ranchería La Piedra,Rural
83304,Ejido Santa Margarita,Rural
83304,Ranchería Santa Rita,Rural
83304,Ranchería Dinámica del Pacífico,Rural
83304,Zona comercial Taller Mecánico Diésel,Urbano
83304,Equipamiento Viva Sonora,Rural
83305,Pueblo San Pedro o el Saucito (San Pedro el Saucito),Urbano
83306,Colonia La Cruz,Rural
83306,Ranchería El Albañil,Rural
83306,Ranchería El Bajío (Bojórquez),Rural
83306,Ranchería El Baluarte,Rural
83306,Ranchería El Yuguito,Rural
83306,Ranchería Ixpalia,Rural
83306,Ranchería Kino,Rural
83306,Ranchería Las Candelarias,Rural
83306,Ranchería Las Norias,Rural
83306,Ranchería Palos Grandes (El Mono),Rural
83306,Ranchería Productos Congelados del Noroeste,Rural
83306,Ranchería San Francisco,Rural
83306,Ranchería San Isidro,Rural
83306,Ejido San Isidro,Rural
83306,Ranchería San Lorenzo,Rural
83306,Ranchería San Marcos,Rural
83306,Ranchería Santa Teresa de la Cruz,Rural
83306,Ranchería Tierra Blanca,Rural
83306,Ranchería TM Winco,Rural
83307,Ranchería El Consuelo,Rural
83307,Ranchería El Pilar,Rural
83307,Ranchería El Represito,Rural
83307,Ranchería Ganadera Gapa,Rural
83307,Ranchería La Mina (Retiros Espirituales),Rural
83307,Ranchería La Palma,Rural
83307,Ranchería La Poza (Bloquera),Rural
83307,Ranchería La Trinchera,Rural
83307,Hacienda Los Ángeles [Hacienda],Rural
83307,Ranchería Los Chinos,Rural
83307,Ranchería Los Polvorines,Rural
83307,Ranchería Proveedora de Insumos Mineros SA,Rural
83307,Ranchería San Francisco,Rural
83307,Ranchería Santa Cruz Uno,Rural
83307,Ranchería Todos Santos,Rural
83309,Zona industrial Cementos Holcim Apasco [Cementera],Rural
83310,Ranchería Las Víboras,Rural
83310,Ranchería Cerro de la Virgen,Rural
83310,Ranchería Club de Caza Tirocapes,Rural
83310,Ranchería Club de Tiro y Caza Mazocahui,Rural
83310,Ranchería Distribuciones Kino,Rural
83310,Fraccionamiento El Real del Catorce,Rural
83310,Ranchería El Represo,Rural
83310,Equipamiento Equipos y Explosivos de Sonora,Rural
83310,Ranchería Ganadera Contreras,Rural
83310,Ranchería La Cabaña del Mochomo,Rural
83310,Ejido Campestre la Yesca,Rural
83310,Ranchería La Poza,Rural
83310,Ranchería Las Víboras,Rural
83310,Ranchería Los Dos Hermanos,Rural
83310,Colonia Los Pinos (Adolfo López Mateos),Rural
83310,Ranchería Los Talayotes,Rural
83310,Ranchería Manuel Sánchez,Rural
83310,Ranchería Nueva Ilusión [Campestre],Rural
83310,Ranchería Pitic Explosivos,Rural
83310,Ranchería San Francisco,Rural
83310,Ranchería San Ramón (Hezaki Quihuis),Rural
83310,Zona industrial Unión de Ladrilleros Potrero de Bushuard,Urbano
83313,Ranchería Benito Juárez (Sección Tres),Rural
83313,Ranchería Benito Juárez (Sector Cinco),Rural
83313,Ranchería Cruz Gálvez (El Caporal),Rural
83313,Ranchería El Bajío,Rural
83313,Ranchería El Gatal (Santa Teresa),Rural
83313,Ranchería El Orégano,Rural
83313,Ranchería El Pozo,Rural
83313,Ranchería El Salado,Rural
83313,Ranchería La Genoveva,Rural
83313,Ranchería La Herradura,Rural
83313,Ranchería La Miura,Rural
83313,Ranchería La Palma,Rural
83313,Ranchería La Pimienta,Rural
83313,Ranchería La Pintada,Rural
83313,Ejido La Pintada,Rural
83313,Ranchería La Pintada [Restaurante],Rural
83313,Ranchería La Primavera,Rural
83313,Ranchería Las Empanadas,Rural
83313,Ranchería Las Teresitas (1333),Rural
83313,Ranchería Loma Prieta,Rural
83313,Ranchería Los Pocitos,Rural
83313,Ranchería Rincón de Guadalupe las Avispas,Rural
83313,Ranchería San Alberto,Rural
83313,Ranchería San Antonio,Rural
83313,Ranchería San Isidro,Rural
83313,Ranchería San Luis,Rural
83313,Ranchería San Martín (Cajón del Diablo),Rural
83313,Ranchería San Pablo,Rural
83313,Ranchería Santa Eduwiges,Rural
83314,Ranchería El Apenitas,Rural
83314,Ranchería El Chaparral,Rural
83314,Ranchería El Desengaño,Rural
83314,Ranchería El Gatal,Rural
83314,Ranchería El Milagro,Rural
83314,Ranchería El Tesal,Rural
83314,Ranchería El Tojungo Sur,Rural
83314,Ranchería El Tori,Rural
83314,Ranchería El Tucson,Rural
83314,Ranchería La Infamia,Rural
83314,Ranchería La Sierrita,Rural
83314,Ranchería La Trinidad,Rural
83314,Ranchería San Francisco,Rural
83314,Ejido San Francisco,Rural
83314,Ranchería San José,Rural
83314,Ranchería San Juan (Campo Nuevo),Rural
83314,Ranchería Santa Margarita,Rural
83314,Ranchería Siberia Uno,Rural
83315,Ejido El Sapo,Rural
83315,Ranchería Buenavista,Rural
83315,Ranchería Crucero (Cuatro y Veintiséis),Rural
83315,Ranchería El Alamo,Rural
83315,Ranchería El Apache,Rural
83315,Ranchería El Barcelonet,Rural
83315,Ranchería El Carmen,Rural
83315,Ranchería El Carrizo,Rural
83315,Ranchería El Chamizal,Rural
83315,Ranchería El Cholay (Santa María),Rural
83315,Ranchería El Consejo,Rural
83315,Ranchería El Diamante,Rural
83315,Ranchería El Diamante Dos,Rural
83315,Ranchería El Diamante Tres,Rural
83315,Ranchería El Gramal,Rural
83315,Ranchería El Huarache,Rural
83315,Ranchería El Machete,Rural
83315,Ranchería El Mayo,Rural
83315,Ranchería El Quetzal (El Cholay),Rural
83315,Ranchería El Tepachi,Rural
83315,Ranchería El Yucateco 6,Rural
83315,Ranchería El Yucateco Uno,Rural
83315,Ranchería La Aurora,Rural
83315,Ranchería La Cuichi (Pelícano),Rural
83315,Ranchería La Estrella,Rural
83315,Ranchería La Gaviota,Rural
83315,Ranchería Las Carretas,Rural
83315,Ranchería Las Vírgenes Cinco,Rural
83315,Ranchería Las Vírgenes Cuatro,Rural
83315,Ranchería Las Vírgenes Número Uno,Rural
83315,Ranchería Las Vírgenes Tres,Rural
83315,Ranchería Los Cuatitos (Siberia Tres),Rural
83315,Ranchería Los Huicos,Rural
83315,Ranchería Los Pericos (El Cholay),Rural
83315,Ranchería Pierson (Las Vírgenes Dos),Rural
83315,Ranchería Pozos Orozco,Rural
83315,Ranchería Rancho San Pascual,Rural
83315,Ranchería Mechudo [San Agustín],Rural
83315,Ranchería San Alfredo,Rural
83315,Ranchería San Juanico,Rural
83315,Ranchería San Ramón,Rural
83315,Ranchería San Salvador,Rural
83315,Ranchería Santa Carmen,Rural
83315,Ranchería Santa Isabel,Rural
83315,Ranchería Santo Niño,Rural
83315,Ranchería Siberia Dos,Rural
83315,Ranchería Tetabiate (Las Vírgenes Seis),Rural
83316,Ejido El Choyudo (Los Japoneses),Rural
83316,Ejido El Colorado,Rural
83316,Ejido Tastiota,Rural
83316,Granja Acuícola Tastiota,Rural
83316,Ranchería Granja Genitch,Rural
83316,Ranchería Crucero Doce y VeintisÃ©is,Rural
83316,Ranchería El Gato,Rural
83316,Ranchería Lic. Ignacio Ramírez y su anexo San Pedro [NCPE],Rural
83316,Ranchería El Pedernal Tres,Rural
83316,Ranchería El Retiro,Rural
83316,Ranchería Floresta,Rural
83316,Ranchería El Sagrado (La Victoria),Rural
83316,Ranchería El Sauz,Rural
83316,Ranchería Establo la Tesota (Tesota),Rural
83316,Ranchería San Carlitos,Rural
83316,Ranchería Guadalupe de Jesús,Rural
83316,Ranchería San Fernando,Rural
83316,Ranchería La Chacra,Rural
83316,Ranchería La Chueca,Rural
83316,Ranchería La Higuerita,Rural
83316,Ranchería Larvas GÃ©nesis,Rural
83316,Ranchería Las Cadenas,Rural
83316,Equipamiento Las Conchas (Tortillería),Rural
83316,Ranchería Las Lilas,Rural
83316,Ranchería Los Corralitos,Rural
83316,Ejido Los Corralitos,Rural
83316,Rancho Los Corralitos,Rural
83316,Ranchería María Belem,Rural
83316,Ranchería Nuevo Suaqui,Rural
83316,Ejido Puerto Arturo,Rural
83316,Ranchería Rancho Santa Rosa,Rural
83316,Ranchería San Agustín,Rural
83316,Ranchería San Carlos,Rural
83316,Ranchería San Carlos (El Pocito),Rural
83316,Ranchería San Francisco (El Sahuaral),Rural
83316,Ranchería San Gerardo,Rural
83316,Ranchería San Joel,Rural
83316,Ranchería San Miguel,Rural
83317,Ranchería Plan de Ayala,Rural
83317,Ranchería 20 de Noviembre,Rural
83317,Ranchería 20 de Noviembre Dos,Rural
83317,Ranchería 20 de Noviembre Tres,Rural
83317,Ranchería 20 Noviembre Cuatro,Rural
83317,Granja Granja Aqua Nova,Rural
83317,Granja Acuícola Polo,Rural
83317,Granja Acuícola Selecta,Rural
83317,Ranchería Dios Está Contigo (DEC los Pinos),Rural
83317,Ejido El Cardonal,Rural
83317,Ranchería El Cinco (El Refugio),Rural
83317,Ranchería La Capilla,Rural
83317,Ranchería Granja Acuicola Genitech,Rural
83317,Ranchería Miguel Alemán (Santa Cruz),Rural
83317,Ranchería SahuÃ­mero,Rural
83317,Ranchería San Alfonso,Rural
83317,Ranchería San Carlos (Empaque San Carlos),Rural
83317,Ranchería San Juan,Rural
83317,Ranchería San Rafael,Rural
83317,Ranchería Viva México,Rural
83320,Ranchería Bella Vista,Rural
83320,Ranchería Cuadra América,Rural
83320,Ranchería Cuadra los Locos,Rural
83320,Ranchería El Agachado,Rural
83320,Ranchería El Arenoso,Rural
83320,Ejido El Agachado,Rural
83320,Ranchería El Gameño,Rural
83320,Ranchería El Papalote,Rural
83320,Ranchería El Ranchito (Alejandro Camou),Rural
83320,Ranchería Francisco Javier Fiel,Rural
83320,Ejido La Aurora,Rural
83320,Ranchería La Escondida (Víctor Leyva),Rural
83320,Ranchería La Escopeta (Los Guayacanes),Rural
83320,Equipamiento La Mesita de los Cardenales (Roberto Cruz T.),Rural
83320,Ranchería La Pitahaya,Rural
83320,Ranchería La Reforma,Rural
83320,Ranchería Alejandro Ortega,Rural
83320,Ranchería Campo Abierto (Luis Medina Ramonet),Rural
83320,Ranchería Las Peñas,Rural
83320,Ranchería Lázaro Peraza,Rural
83320,Ranchería Los Apaches,Rural
83320,Ranchería Los Castillo,Rural
83320,Ranchería Los Coyotes,Rural
83320,Ranchería Los Palos Rosados,Rural
83320,Ranchería Los Talayotes,Rural
83320,Ranchería Plastimarmol,Rural
83320,Equipamiento Postería DARESA,Urbano
83320,Ranchería Rancho Guadalupe,Rural
83320,Ranchería San Antonio,Rural
83320,Ranchería San Blas,Rural
83320,Ranchería San Diego,Rural
83320,Ranchería Sociedad Cooperativa Veinticuatro de Febrero,Urbano
83320,Ranchería Unión de Ladrilleros Manuel Dorado,Rural
83320,Ranchería Valenzuela Hermanos,Urbano
83323,Ejido Las Placitas,Rural
83323,Ejido La Yesca,Rural
83323,Ejido Los Choros (Predio Veintiuno),Rural
83323,Ranchería Agropecuaria Jam,Rural
83323,Ejido Agroquímicos JAM,Rural
83323,Granja Agropecuaria Punta Baja (Casa Blanca),Rural
83323,Equipamiento Hipódromo de Hermosillo,Rural
83323,Ranchería Grupo Industrial Bujanda,Rural
83323,Ranchería Campo el Aguila,Rural
83323,Ranchería Carbonera Francisco Arenas,Rural
83323,Ranchería Chico Parra,Rural
83323,Ranchería Corrales San Juanero,Rural
83323,Ranchería Cuadra las Quintas,Rural
83323,Ejido Cuadra las Quintas,Rural
83323,Ejido Cuadra Tecoripa,Rural
83323,Equipamiento Departamento de Agricultura y Ganedría,Rural
83323,Ranchería El Arenal,Rural
83323,Ranchería El Bola,Rural
83323,Ejido El Chanate,Rural
83323,Ranchería El Cincuenta,Rural
83323,Ranchería El Latifundio,Rural
83323,Ranchería El Pegoste,Rural
83323,Ranchería El Potrero,Rural
83323,Ranchería El Represito del Padre,Rural
83323,Ejido Europa Número Dos,Rural
83323,Ranchería Granja Santa Raquel,Rural
83323,Ranchería Virgo [Proyectos y Construcciones],Rural
83323,Ranchería Jardines del Paraíso,Rural
83323,Ranchería Jauri,Rural
83323,Ranchería Parcela de Nieves (Ramón Gálvez),Rural
83323,Ranchería José Arturo Vega,Rural
83323,Ranchería José Parra,Rural
83323,Ranchería La Bachata,Rural
83323,Ranchería La Fortuna,Rural
83323,Ranchería La Gallinita,Rural
83323,Ranchería La Loma,Rural
83323,Ranchería La Milpita,Rural
83323,Ranchería La Mora,Rural
83323,Ejido La Peaña,Rural
83323,Ranchería La Valenciana (La Peaña),Rural
83323,Ranchería La Valenciana Dos,Rural
83323,Ranchería La Valenciana Uno [Huerta],Rural
83323,Ranchería La Yeya,Rural
83323,Ranchería Las Bebelamas,Rural
83323,Ranchería Las Palmas [Viñedo],Rural
83323,Ranchería Las Palomas,Rural
83323,Ranchería Las Tomasas,Rural
83323,Ranchería Las Tres Marías,Rural
83323,Ranchería Lázaro,Rural
83323,Ranchería Los Cochitos (Los Cochitos UNISON),Rural
83323,Equipamiento Temazcalli Eco [Hotel Spa],Rural
83323,Ranchería Lupe Romero,Rural
83323,Ranchería Maclasa (CAMSA),Rural
83323,Ranchería Mada,Rural
83323,Equipamiento Maquilas y Materiales Prensados,Rural
83323,Ranchería Ana Alicia Romero,Rural
83323,Ranchería Gilberto Durazo Gaxiola,Rural
83323,Ranchería Milpa Baja,Rural
83323,Ranchería Montana,Rural
83323,Ranchería Montero,Rural
83323,Ranchería Pancho Estrada,Rural
83323,Ranchería Porcícola Yaco,Rural
83323,Ranchería El Teniente,Rural
83323,Ranchería Ranchetes Santa Lucía,Rural
83323,Ranchería Rancho de Rendón,Rural
83323,Ranchería Represo de Escalante,Rural
83323,Colonia Rosalía Parra,Urbano
83323,Ranchería San Antonio (La Loma),Rural
83323,Ranchería San Eduardo (La Isla),Rural
83323,Ranchería San Fernando,Rural
83323,Ranchería San Joaquín,Rural
83323,Ranchería San José de las Palmas,Rural
83323,Ranchería San Juan,Rural
83323,Ranchería San Juanero,Rural
83323,Ranchería Santa Cecilia (La Escondida),Rural
83323,Ranchería Santa Cecilia (Licona),Rural
83323,Ranchería Santa Eduwiges,Rural
83323,Ranchería Villa Santa Gabriela,Rural
83323,Ranchería Santa María del Bajo (Seminario),Rural
83323,Ranchería Severo Moreno (La Peaña),Rural
83323,Ranchería Siete Cerros,Rural
83323,Ranchería Tepeyac,Rural
83323,Ranchería Tomás Valencia,Rural
83323,Ranchería Trini Pesqueira,Rural
83323,Ranchería Viñedos Dolisa,Rural
83324,Ranchería Santa Teresa,Rural
83324,Ranchería El Fundador,Rural
83324,Ejido San Luis,Rural
83324,Ranchería AMSA (TIASA),Rural
83324,Ranchería Bervano,Rural
83324,Ranchería Campo Santa Teresita,Rural
83324,Equipamiento Campo el Grande,Rural
83324,Ranchería Campo Grande Número Dos,Rural
83324,Ranchería Carlota Amalia,Rural
83324,Ranchería Desarrollo,Rural
83324,Ranchería Dos Triángulos,Rural
83324,Ejido Ejido Nuevo San Miguel,Rural
83324,Ranchería El Bajío,Rural
83324,Ranchería El Cerro,Rural
83324,Ranchería El Garambullo,Rural
83324,Ranchería El Guamuchilar (Centrito),Rural
83324,Ranchería El JabalÃ­,Rural
83324,Ranchería El Jacalito,Rural
83324,Ranchería El Lucero,Rural
83324,Ranchería El Mariachi,Rural
83324,Ranchería El Muertito,Rural
83324,Ranchería El Nuevo Tejabán,Rural
83324,Ranchería El Piave,Rural
83324,Ranchería El Pocito,Rural
83324,Ranchería El Porvenir,Rural
83324,Ranchería El Refugio,Rural
83324,Ranchería El Sacrificio,Rural
83324,Ranchería El Tecolote,Rural
83324,Ranchería El Tejabán (Ignacio Careaga),Rural
83324,Ranchería El Tojungo Dos,Rural
83324,Ranchería El Veinte (La Peaña),Rural
83324,Ranchería Establo Dolisa,Rural
83324,Ranchería Janneth,Rural
83324,Ranchería La Base (Los Hoyos),Rural
83324,Ranchería La Brea,Rural
83324,Ranchería La Breita (Santa Amelia),Rural
83324,Ranchería La Bura,Rural
83324,Ranchería La Chineña,Rural
83324,Ranchería La Esperanza,Rural
83324,Ranchería La Estación Dessens,Rural
83324,Ranchería La Garita,Rural
83324,Ejido La Habana [Establo],Rural
83324,Granja La Habana [Porcícola y Avícola],Rural
83324,Ejido La Habana Número Dos,Rural
83324,Ranchería La Habana Número Uno,Rural
83324,Ejido La Habana Tres,Rural
83324,Ejido La Paloma,Rural
83324,Ranchería La Paloma,Rural
83324,Ranchería La Polka,Rural
83324,Ranchería La Puntada,Rural
83324,Ranchería La Tinajita,Rural
83324,Ranchería Las Abejas,Rural
83324,Ranchería Loma Prieta,Rural
83324,Ranchería Los Alamitos,Rural
83324,Ranchería Los Mexicanos,Rural
83324,Ranchería Los Pocitos,Rural
83324,Granja El Europa,Rural
83324,Ranchería Monserrat 2,Rural
83324,Ranchería Montserrat,Rural
83324,Ranchería NCPE Ignacio Zaragoza (El Chicotazo),Rural
83324,Ranchería Niños Heroés,Rural
83324,Ranchería Nuevo Guadalupe de Jesús (San Blas),Rural
83324,Ranchería Padre Kino [Agrícola],Rural
83324,Ranchería Palo Verde,Rural
83324,Ranchería Pénjamo,Rural
83324,Ranchería Pinos Altos (Santa Bertha),Rural
83324,Ranchería Plutarco Elías Calles,Rural
83324,Ranchería Sacramento,Rural
83324,Ranchería Salvador Alvarado,Rural
83324,Ranchería San Alfredo,Rural
83324,Ranchería San Benito,Rural
83324,Ranchería San Francisco,Rural
83324,Ranchería San Jorge,Rural
83324,Ranchería San Juan,Rural
83324,Ranchería San Marcos,Rural
83324,Ranchería San Martín,Rural
83324,Ranchería San Miguel,Rural
83324,Ranchería San Pascual,Rural
83324,Ranchería San Pedro,Rural
83324,Ranchería San Valentín (El Pozo),Rural
83324,Ranchería Santa Amelia,Rural
83324,Ranchería Santa Aurelia,Rural
83324,Ranchería Santa Daniela (Santa Cecilia),Rural
83324,Ranchería Santa Elena,Rural
83324,Ranchería Santa Emilia,Rural
83324,Ranchería Santa Laura,Rural
83324,Ranchería Santa María,Rural
83324,Ranchería Santa Rita,Rural
83324,Ranchería Santa Teresa la Concordia (El Copechi),Rural
83324,Ranchería Siete Cerros (Cero Norte),Rural
83324,Ranchería Taliamento,Rural
83324,Ranchería Tejabán de Soto,Rural
83324,Ranchería Veintitrés de Octubre (La Biznaga),Rural
83324,Ranchería Vinícola Pitic,Rural
83324,Ranchería Viñedo Proyecto Vid (El Buelna),Rural
83325,Equipamiento Centro de Readaptación Social Dos,Rural
83325,Ranchería Alejandro Carrillo Marcor,Rural
83325,Ranchería Piamonte,Rural
83325,Ranchería Antonio Narro (Don Rodrigo),Rural
83325,Ejido Antonio Narro (Vanesa),Rural
83325,Ejido Aquiles Serdán (Santa Inés),Rural
83325,Ranchería Club Deportivo Hermosillense,Rural
83325,Ranchería Corocis (Fumicus),Rural
83325,Ejido Don Luis,Rural
83325,Ranchería Viñas de la Costa (El Chamizal),Rural
83325,Ranchería El Chino,Rural
83325,Ranchería El Mezquital del Oro (El Aguila),Rural
83325,Ranchería El Socorro,Rural
83325,Equipamiento Electro Sistemas Mexicanos,Rural
83325,Ranchería Familia Huerta,Rural
83325,Ranchería Familia Madrid,Rural
83325,Ranchería Grúas Cajeme,Rural
83325,Ranchería Guadalupe,Rural
83325,Ranchería Hacienda los Tesoros [Fraccionamiento],Rural
83325,Ranchería Hema-Novina,Rural
83325,Ranchería Kilómetro Cuarenta y Cuatro,Rural
83325,Ranchería La Reyna,Rural
83325,Ranchería Los Copales,Rural
83325,Ranchería Los Pocitos,Rural
83325,Ranchería Montecarlo,Rural
83325,Ranchería El Rey,Rural
83325,Ranchería Pilford,Rural
83325,Ejido Pilforito,Rural
83325,Ranchería Rancho Morgán,Rural
83325,Ranchería Rancho San Francisco,Rural
83325,Ranchería San Antonio Rendón,Rural
83325,Ranchería San Antonio Escalante (AGROPREMIER),Rural
83325,Ranchería San Javier,Rural
83325,Ranchería Santa Amelia,Rural
83325,Ranchería Santa Anita,Rural
83325,Ranchería Santa Carmela,Rural
83325,Ranchería Santa Inés,Rural
83325,Ranchería Santa Lucía,Rural
83325,Ranchería Santa Martha,Rural
83325,Ranchería Campo Don Roberto,Rural
83326,Ranchería Buenavista,Rural
83326,Ranchería Durango,Rural
83326,Ranchería El Beduino,Rural
83326,Ranchería El Mauto,Rural
83326,Ranchería El Pozo Prieto,Rural
83326,Ranchería El Puerto,Rural
83326,Ranchería La Cercada,Rural
83326,Ranchería Pozo Nuevo (Rancho Nuevo),Rural
83326,Ranchería San Carlos,Rural
83326,Ranchería San José,Rural
83326,Ranchería San Martín,Rural
83327,Ranchería Agua Blanca,Rural
83327,Ranchería El Bajío,Rural
83327,Ranchería El Chilicote,Rural
83327,Ranchería El Chino,Rural
83327,Ranchería El Pocito,Rural
83327,Ranchería El Represo,Rural
83327,Ranchería El Socorro,Rural
83327,Rancho La Caridad,Rural
83327,Ranchería La Coruba,Rural
83327,Ranchería La Pitahaya,Rural
83327,Ranchería La Sierrita de López,Rural
83327,Ranchería La Verde,Rural
83327,Ranchería Lista Blanca,Rural
83327,Ranchería Piedras Negras,Rural
83327,Ranchería Placeritos,Rural
83327,Ranchería Rancho Grande,Rural
83327,Ranchería San Juanico,Rural
83327,Ranchería San Judas Tadeo,Rural
83327,Ranchería San Miguel,Rural
83327,Ranchería San Ramón,Rural
83328,Equipamiento CEFERESO 11 CPS Sonora,Rural
83330,Ejido Santa Rosita,Rural
83330,Ranchería Bacoachi (Bacoachito),Rural
83330,Ranchería Bella Vista (El Toro),Rural
83330,Ranchería El Chalate,Rural
83330,Ranchería El Chaparral,Rural
83330,Ranchería El Gran Chaparral II,Rural
83330,Ejido El Pañuelito,Rural
83330,Ranchería Guerrero,Rural
83330,Ranchería Juan Luis,Rural
83330,Ranchería Juan Luis Uno,Rural
83330,Ranchería Kilómetro Treinta y Seis (El Porvenir),Rural
83330,Ranchería La Casona,Rural
83330,Ranchería La Florida,Rural
83330,Ranchería La Orejana,Rural
83330,Ranchería Los Compadres,Rural
83330,Ranchería Los Pañuelos,Rural
83330,Ranchería Rancho Santo Niño,Rural
83330,Ranchería San Antonio,Rural
83330,Ranchería San Fernando,Rural
83330,Ranchería San Francisco,Rural
83330,Ejido San Francisco,Rural
83330,Ranchería San José,Rural
83330,Ranchería San Roberto,Rural
83330,Ranchería Santa Elena,Rural
83330,Ranchería Santa Lucía,Rural
83330,Ranchería Santa Margarita (El Chaparral),Rural
83330,Ranchería Viñedo Campo Nuevo,Rural
83333,Ejido El Triunfo,Rural
83333,Ejido San Miguel,Rural
83333,Ejido Santa Elena,Rural
83333,Ejido Suaqui de la Candelaria,Rural
83333,Granja Agrícola Doña Lola (Las Playitas),Rural
83333,Granja Agrícola Oremor (Santa Patricia),Rural
83333,Ranchería Agrobal 6,Rural
83333,Ranchería Agroindustrial de Sonora,Rural
83333,Granja Agroval Dos (Santa Martha Dos),Rural
83333,Ranchería Alejandría Dos,Rural
83333,Ranchería Alejandría Uno,Rural
83333,Ranchería Basopa,Rural
83333,Ranchería Campo Dulce (El Sahueso),Rural
83333,Ranchería Campo Laura,Rural
83333,Ranchería Campo Nuevo,Rural
83333,Ranchería Campo San Luis,Rural
83333,Ranchería Casas Grandes Dos (Pozo Número Dos),Rural
83333,Ranchería Covadonga,Rural
83333,Ranchería Desarrollo (Pericos Dos),Rural
83333,Ejido Campo Dolores,Rural
83333,Ejido Don Enrique,Rural
83333,Ranchería Don Enrique,Rural
83333,Ranchería El Azahar,Rural
83333,Ranchería El Batepi,Rural
83333,Ranchería El Bienestar,Rural
83333,Ranchería El Caculla,Rural
83333,Ejido El Caculla,Rural
83333,Ranchería El Chalate,Rural
83333,Ranchería El Crucero (Cero Norte),Rural
83333,Ranchería El Gorriño,Rural
83333,Ranchería El GuayparÃ­n (San Carlos),Rural
83333,Ranchería El Japonés,Rural
83333,Ranchería El Magali,Rural
83333,Ranchería El Manudo,Rural
83333,Ranchería El Mohino,Rural
83333,Ranchería El Pocito,Rural
83333,Ejido El Pocito (Orebalma),Rural
83333,Ejido El Porvenir,Rural
83333,Ranchería El Rosario,Rural
83333,Ranchería El Tatay (Santa Martha),Rural
83333,Ranchería El Tobozal (El Infiernito),Rural
83333,Ranchería El Tope,Rural
83333,Ejido El Triunfo,Rural
83333,Equipamiento Empaque María del Carmen,Rural
83333,Equipamiento Empaque San Enrique,Rural
83333,Ranchería Hermanos Serdán,Rural
83333,Ranchería Jacalito (Kilómetro Cuarenta y Ocho),Rural
83333,Ranchería Jesús García (La Pozura),Rural
83333,RancheríaJosé María Morelos y Pavón,Rural
83333,Ranchería La Choya,Rural
83333,Ranchería La Escondida,Rural
83333,Ranchería La Garulla,Rural
83333,Ranchería La Horqueta,Rural
83333,Ranchería La Máquina,Rural
83333,Ranchería La Misión,Rural
83333,Ranchería La Mocha (Padre Kino),Rural
83333,Ranchería La Morena Dos,Rural
83333,Ranchería Agropecuaria Sonorense,Rural
83333,Ranchería La Ventanita,Rural
83333,Ranchería La Yuta,Rural
83333,Ranchería Las 3 B,Rural
83333,Ranchería Las Palmitas,Rural
83333,Ranchería Los Arroyos,Rural
83333,Ejido Los Arroyos,Rural
83333,Ranchería Los Cuatro (Palermo),Rural
83333,Ranchería Los Morales,Rural
83333,Ranchería El Pozo,Rural
83333,Ranchería Campo Luisa,Rural
83333,Ranchería Manuel Avila Camacho,Rural
83333,Ranchería María del Carmen,Rural
83333,Ranchería San Jorge,Rural
83333,Ranchería Monterrey,Rural
83333,Ranchería Navolato,Rural
83333,Ranchería Newberry,Rural
83333,Ranchería El Olivar,Rural
83333,Ejido Perico Uno,Rural
83333,Ranchería Real de los Ojos Negros (Tláloc),Rural
83333,Ranchería Río Escondido,Rural
83333,Ranchería Río Sonora,Rural
83333,Ranchería Rosario Perlette,Rural
83333,Ranchería San Alberto,Rural
83333,Ranchería San Alfonso,Rural
83333,Ranchería San Arturo,Rural
83333,Ranchería San Carlitos,Rural
83333,Ranchería San Carlos,Rural
83333,Ranchería San Enrique,Rural
83333,Ranchería San Enrique (El Suspiro),Rural
83333,Ranchería San Fernando,Rural
83333,Ejido San Fernando,Rural
83333,Ranchería Loma Linda,Rural
83333,Ranchería San Gustavo,Rural
83333,Ranchería San José (San José de Mazón),Rural
83333,Ranchería San Leonardo,Rural
83333,Ranchería San Marcos,Rural
83333,Granja San Ramón,Rural
83333,Ranchería Santa Ana,Rural
83333,Ejido Santa Ana,Rural
83333,Ranchería Santa Cecilia,Rural
83333,Ranchería Santa Eduwiges (Radio),Rural
83333,Ranchería Santa Martha (Agroval Tres),Rural
83333,Ranchería Santa Martha Cuatro (Agroval Cuatro),Rural
83333,Ranchería Santa Martha Uno (El Molino),Rural
83333,Ranchería Santo Niño (Casas Grandes),Rural
83333,Ranchería Agroquímico JAM,Rural
83333,Ranchería SubEstación Costa Uno,Rural
83333,Ranchería Terranova,Rural
83333,Ejido Terranova,Rural
83333,Ranchería Veintiocho Norte la Báscula Overalma Dos,Rural
83333,Ranchería Vicente Guerrero,Rural
83333,Ranchería Viñedo la Costa,Rural
83333,Ranchería Viñedo la Esperanza,Rural
83334,Rancho La Peaña Nueva,Rural
83334,Ejido Santa Rosalía,Rural
83334,Ranchería Buenos Aires,Rural
83334,Ranchería El Dorado,Rural
83334,Colonia Santa Elvira,Rural
83334,Zona industrial Parque Solar,Rural
83334,Granja Agropecuaria Rosa,Rural
83334,Granja Agroval Cinco (Santa Martha),Rural
83334,Ranchería Compa Dos,Rural
83334,Ranchería América,Rural
83334,Ejido Antonio Narro (El Perico),Rural
83334,Ranchería Barlovento,Rural
83334,Ranchería Basano (Santa Lourdes),Rural
83334,Ranchería Benito Juárez,Rural
83334,Ejido Benito Juárez,Rural
83334,Ranchería Calle Trece,Rural
83334,Ranchería Campillo (Santa Rosalía),Rural
83334,Ranchería Campo Grande (Viñedos Alta),Rural
83334,Ranchería Campo Nuevo,Rural
83334,Ranchería Campo Nuevo (El Capitán),Rural
83334,Ranchería Carmen Dolores,Rural
83334,Ranchería Carolina,Rural
83334,Ranchería Casa Blanca,Rural
83334,Granja Compa Uno,Rural
83334,Ranchería Chapacolor,Rural
83334,Ranchería CIANO,Rural
83334,Ranchería Costa del Sol,Rural
83334,Ejido Costa Rica,Rural
83334,Ranchería Cristóbal Colón,Rural
83334,Ranchería Cuauhtémoc,Rural
83334,Ejido Cumis (Santa Lucía),Rural
83334,Ranchería Del Carmen (Las Islas),Rural
83334,Ranchería Dolores,Rural
83334,Ranchería El Bura,Rural
83334,Ranchería El Carrizo (San Isidro),Rural
83334,Ranchería El Chamizal (Salsipuedes),Rural
83334,Ranchería San Isidro,Rural
83334,Ranchería El Desmonte,Rural
83334,Ranchería El Dieciséis,Rural
83334,Ranchería El Divisadero,Rural
83334,Ranchería El Guayabito,Rural
83334,Ranchería El Mezquite,Rural
83334,Ranchería El Milagro,Rural
83334,Ranchería El Molino,Rural
83334,Ranchería El Nainari,Rural
83334,Ranchería El Palomar,Rural
83334,Ranchería El Pinito,Rural
83334,Ranchería El Porvenir,Rural
83334,Ranchería El Rojo (El 57),Rural
83334,Ranchería El Sonot,Rural
83334,Ranchería El Tecolote,Rural
83334,Ranchería El Tejabán,Rural
83334,Ranchería Escuadrón Doscientos Uno,Rural
83334,Ranchería Florida Dos,Rural
83334,Ranchería Florida Tres,Rural
83334,Ranchería Maya,Rural
83334,Pueblo Francisco I. Madero,Rural
83334,Granja San Fernando (Norson),Rural
83334,Ranchería Hércules Uno,Rural
83334,Ranchería Hermosillo,Rural
83334,Ranchería María Amparo [Agrícola],Rural
83334,Ranchería Jacinto López,Rural
83334,Ranchería Jauja,Rural
83334,Ranchería Kowi (Santa Isabel),Rural
83334,Ranchería La Atlántida,Rural
83334,Ranchería Don Miguel (Florida),Rural
83334,Ranchería La Casita,Rural
83334,Ranchería La Chira,Rural
83334,Ranchería La Esperanza,Rural
83334,Ranchería La Gloria,Rural
83334,Ranchería La India,Rural
83334,Ranchería La Inmaculada,Rural
83334,Ranchería La Joya,Rural
83334,Ranchería La Laguna (Seis de Marzo),Rural
83334,Ranchería La Paloma,Rural
83334,Ranchería La Perseverancia (Los Fumicos),Rural
83334,Ranchería La Ponderosa,Rural
83334,Granja La Ponderosa [Porcicola],Rural
83334,Ranchería La Providencia,Rural
83334,Ranchería La Reforma,Rural
83334,Ranchería La Trácala,Rural
83334,Ranchería La Yaqui,Rural
83334,Ranchería Bazano,Rural
83334,Ranchería Los Alamos,Rural
83334,Ranchería Los Ángeles,Rural
83334,Ranchería Los Cuates,Rural
83334,Ranchería Los Dos Amigos (Las Calvas de Arriba),Rural
83334,Ranchería Los Guajolotes,Rural
83334,Ranchería Los Hoyos,Rural
83334,Ranchería Los Jitos (El Zancudo),Rural
83334,Ranchería Los Olivos (Olivos),Rural
83334,Ranchería Los Pavos (La Esperanza),Rural
83334,Ranchería Los Pocitos,Rural
83334,Ejido Los Pocitos,Rural
83334,Ranchería Masocoba,Rural
83334,Ranchería Miguel Hidalgo,Rural
83334,Ranchería Miguel Lerdo de Tejada (ValParaíso),Rural
83334,Ranchería Milagro de Fátima,Rural
83334,Ranchería Nápoles,Rural
83334,Ranchería Nazaret (La Ponderosa),Rural
83334,Ranchería Nazario Ortiz Garza (Lourdes),Rural
83334,Ranchería Nigromante,Rural
83334,Ranchería Orebalma,Rural
83334,Ranchería El Eléctrico [Campo],Rural
83334,Ranchería Poza Rica,Rural
83334,Ranchería Pozo Nuevo,Rural
83334,Ranchería Puerto Rico,Rural
83334,Ranchería Río Blanco,Rural
83334,Ranchería Rosella,Rural
83334,Ranchería Sahuaripa Uno,Rural
83334,Ranchería San Alberto,Rural
83334,Ejido San Alberto,Rural
83334,Ranchería San Alberto (La 31 de Octubre),Rural
83334,Ranchería San Bartolo,Rural
83334,Granja San Felipe,Rural
83334,Ranchería San Fernando,Rural
83334,Ranchería San Fernando (Nuevo Guadalupe),Rural
83334,Ejido San Francisco,Rural
83334,Ranchería San Francisco,Rural
83334,Ranchería San Germán,Rural
83334,Ranchería San Herminio (Los Ángeles),Rural
83334,Ranchería San Isidro Uno,Rural
83334,Ranchería San Joaquín (Santa María),Rural
83334,Granja San Jorge,Rural
83334,Ranchería San Jorge (Hércules),Rural
83334,Ejido San José,Rural
83334,Ranchería San José,Rural
83334,Ranchería San José el Retiro,Rural
83334,Ranchería San Luis,Rural
83334,Ranchería San Marcos,Rural
83334,Ranchería San Martín,Rural
83334,Ejido San Martín,Rural
83334,Ranchería San Ramón,Rural
83334,Ranchería San Sebastián,Rural
83334,Ranchería San Valentín,Rural
83334,Ranchería San Vicente,Rural
83334,Granja Santa Anita,Rural
83334,Ranchería Santa Cruz,Rural
83334,Ranchería Santa Emilia,Rural
83334,Ranchería Santa Fe,Rural
83334,Ranchería Santa Josefina,Rural
83334,Ranchería Santa Paulina [Agrícola],Rural
83334,Ranchería Santa Margarita,Rural
83334,Ranchería Santa María (La Treinta y Uno de Octubre),Rural
83334,Ranchería Santa Mónica,Rural
83334,Ejido Santa Patricia,Rural
83334,Ranchería Santa Susana (Chorona),Rural
83334,Ranchería Santa Zarina,Rural
83334,Ranchería Santander,Rural
83334,Ranchería Santo Niño,Rural
83334,Ranchería Sonora Hortalizas y Frutales,Rural
83334,Ranchería Sonora Sinaloa,Rural
83334,Ranchería Tehuacán,Rural
83334,Ranchería Tepeyac,Rural
83334,Ranchería TEQSA (Las Polleras),Rural
83334,Ranchería Terrenate,Rural
83334,Ranchería Todos Santos,Rural
83334,Ranchería Unión de Crédito Agrícola de Hermosillo,Rural
83334,Ranchería Venecia,Rural
83334,Ranchería Villa Luz (El Pocito),Rural
83335,Ejido El Abanico (Santa Lucía),Rural
83335,Ranchería Basopa (San Alfonso),Rural
83335,Ranchería Carlos Zapata Vela,Rural
83335,Granja Centro de Educación y Capacitación el Estero,Rural
83335,Ranchería Cócorit Uno,Rural
83335,Ranchería Colonia el Paraíso,Rural
83335,Condominio Condominios Jacquelynn,Rural
83335,Condominio Condominios Paraíso,Rural
83335,Ranchería Coorit,Rural
83335,Ranchería DICTUS,Rural
83335,Ranchería El Crucero (La Treinta y Seis Sur),Rural
83335,Ranchería El Futuro,Rural
83335,Ranchería Estero Santa Cruz,Rural
83335,Ranchería Felizardo Castro,Rural
83335,Ranchería Francisco Eusebio Kino (Colonia Kino),Rural
83335,Ranchería La Bonita,Rural
83335,Ranchería La Palma del Agro,Rural
83335,Ranchería La Salinera,Rural
83335,Ranchería Las Jaibas,Rural
83335,Ranchería María del Carmen,Rural
83335,Ranchería Nochitongo,Rural
83335,Ranchería Maximiliano R. López,Rural
83335,Ranchería Miguel Alemán (El Tres),Rural
83335,Ranchería Mineros de Pilares,Rural
83335,Ranchería Moctezuma,Rural
83335,Ranchería Monterrey,Rural
83335,Ranchería Narciso Mendoza,Rural
83335,Ranchería Porcícola Cuauhtémoc,Rural
83335,Ranchería Pozo Loco,Rural
83335,Ranchería Rancho Cuatro (Lázaro Cárdenas),Rural
83335,Ranchería San Francisco,Rural
83335,Ranchería San Ignacio,Rural
83335,Ranchería San Isidro (Obregón),Rural
83335,Ranchería San Juan (Campo Dos),Rural
83335,Ranchería San Juan y el Pinito,Rural
83335,Ranchería San Nicolás,Rural
83335,Ranchería San Nicolás (San Nicolás de Kino),Rural
83335,Ranchería San Rafael,Rural
83335,Ranchería Santa Silvia,Rural
83335,Ranchería Uruapan (Bomba Negra),Rural
83336,Colonia El Progreso,Rural
83336,Ranchería Año Nuevo,Rural
83336,Ranchería California,Rural
83336,Ranchería Nuevo Yaquis Desterrados,Rural
83336,Ranchería Dunas de Kino,Rural
83336,Ejido Ejido Francisco Aispuro (El Apache),Rural
83336,Ejido Ejido Jacinto López,Rural
83336,Ranchería El Cactus,Rural
83336,Ranchería El Centavito,Rural
83336,Ranchería El Chapo,Rural
83336,Ranchería El Chivimbo,Rural
83336,Ranchería El Electrón,Rural
83336,Ranchería El Palacio de Wayne,Rural
83336,Ranchería El Ranchito,Rural
83336,Ranchería El Sahueso,Rural
83336,Ranchería El Sergio,Rural
83336,Ranchería El Taconazo,Rural
83336,Ranchería El Tigre,Rural
83336,Ranchería Guadalupe,Rural
83336,Ranchería Joyas de Kino,Rural
83336,Ranchería Kilowatt,Rural
83336,Ranchería La Palma,Rural
83336,Ranchería Los Aguilera,Rural
83336,Ranchería Los Ángeles,Rural
83336,Ranchería Los Janos Dos,Rural
83336,Ranchería Los Janos Uno,Rural
83336,Ranchería Nueva York,Rural
83336,Ranchería Oasis de Kino,Rural
83336,Ranchería Oviáchic,Rural
83336,Ranchería Palma Sola,Rural
83336,Ranchería Perlas de Kino,Rural
83336,Ranchería Pozo de Fátima (Fátima del Pitic),Rural
83336,Ranchería Roca Roja,Rural
83336,Ejido Rancho Nuevo,Rural
83336,Ranchería San Germán,Rural
83336,Ranchería Roca Roja,Rural
83336,Ranchería Salicornia (Campito),Rural
83336,Ranchería San Antonio,Rural
83336,Ranchería San Diego,Rural
83336,Ranchería San Fernando (Abigahil),Rural
83336,Ranchería San Ramón,Rural
83336,Ranchería Santa Cruz,Rural
83336,Ranchería Santa Elena,Rural
83336,Ranchería Santa Rosa,Rural
83337,Ranchería Punta Chueca,Rural
83337,Ranchería El Cimarrón,Rural
83337,Ranchería El Egipto,Rural
83337,Ranchería El Puerto de Posada,Rural
83337,Ranchería El Sacrificio (Televisa),Rural
83337,Ranchería La Ponderosa (Los Buros),Rural
83337,Ranchería Los Compadres (Cinco Locos),Rural
83337,Ranchería Los Paredones,Rural
83337,Ranchería Noche Buena,Rural
83337,Ranchería San Miguel,Rural
83338,Ranchería Cruces (Isla del Tiburón),Rural
83338,Ranchería Punta Tormenta (Isla del Tiburón),Rural
83338,Ranchería Tecomate (Isla del Tiburón),Rural
83340,Colonia Bahía de Kino Centro,Urbano
83342,Colonia Carnavalito,Urbano
83342,Colonia Artesanos,Urbano
83342,Colonia De la Cruz,Urbano
83342,Colonia Las Fuentes,Urbano
83342,Colonia Lázaro Cárdenas,Urbano
83342,Colonia Miguel Hidalgo,Urbano
83343,Fraccionamiento Kino Nuevo,Urbano
83343,Colonia Alcatraz,Urbano
83343,Colonia Mediterráneo,Urbano
83343,Colonia Primavera,Urbano
83343,Colonia Lomas de Kino,Urbano
83343,Colonia Luis Donaldo Colosio,Urbano
83344,Colonia Miguel Alemán (La Doce) Centro,Urbano
83346,Fraccionamiento Las Villas del Nogal,Urbano
83346,Colonia Aguayo Porchas,Urbano
83346,Colonia Pueblo Unido,Urbano
83347,Colonia INFONAVIT,Urbano
83347,Colonia Jesús Garcia,Urbano
83347,Colonia 26 de Octubre,Urbano
83347,Colonia Luis Donaldo Colosio,Urbano
83347,Colonia Guadalupe Victoria,Urbano
83347,Colonia Las Granjas,Urbano
83347,Colonia Manuel J Clouthier,Urbano
83347,Fraccionamiento Residencial La Vendimia,Urbano
83348,Colonia Antonio Méndez,Urbano
83348,Colonia Las Palmas,Urbano
83348,Colonia Lázaro Cárdenas,Urbano
83348,Colonia Salvador Alvarado,Urbano
83349,Colonia Emiliano Zapata,Urbano
83349,Colonia Insurgentes,Urbano
83349,Colonia Nuevo Triunfo,Urbano
83349,Colonia Nueva Esperanza,Urbano
83350,Ranchería Chico Román,Rural
83350,Ranchería El Caculla,Rural
83350,Ranchería La Inés,Rural
83350,Ranchería La Navidad,Rural
83350,Ranchería Los Cuatro,Rural
83350,Ranchería San Marcial,Rural
83350,Ranchería Santa Eduwiges,Rural
83350,Ranchería Santa Inés Dos (Casa Grande),Rural
83350,Ranchería Santa Inés Dos (Los Pinitos),Rural
83350,Ranchería Santa Inés Dos (Pozo Nuevo),Rural
83350,Ejido Santa Inés Uno (El Capitán),Rural
83350,Ranchería Tomuco,Rural
83353,Ranchería Agua Caliente,Rural
83353,Ranchería El Gavilán,Rural
83353,Ranchería Coronado,Rural
83353,Ranchería Cuatro de Octubre,Rural
83353,Ranchería El Chaparral,Rural
83353,Ranchería El Chipilón,Rural
83353,Ranchería El Jojobal,Rural
83353,Ranchería Las Bolsas,Rural
83353,Ranchería Las Tres Puertas,Rural
83353,Ranchería San Agustín,Rural
83353,Ranchería San Juan,Rural
83353,Ranchería San Luis,Rural
83353,Ranchería Santa Gertrudiz,Rural
83354,Ranchería La Esperanza,Rural
83354,Ranchería El Voltiadero,Rural
83354,Ranchería La Cana,Rural
83354,Ranchería La Hediondilla,Rural
83354,Ranchería Los Ojitos (La Tinajita),Rural
83354,Ranchería Monte Alto,Rural
83354,Ranchería Rancho Nuevo,Rural
83354,Ranchería San Javier,Rural
83354,Ranchería San Juan,Rural
83354,Ranchería Santa Amalia,Rural
83355,Ranchería La Vaca Colorada,Rural
83355,Ranchería Las Cuevitas,Rural
83355,Ejido Las Cuevitas,Rural
83355,Ranchería Las Liebres,Rural
83355,Ranchería Rancho Nuevo,Rural
83355,Ranchería Tres Pechos,Rural
83356,Ranchería Bacoachi,Rural
83356,Ranchería El Salto,Rural
83356,Ejido El Zacatón,Rural
83356,Ranchería Guadalupe,Rural
83356,Ranchería La Esperanza,Rural
83356,Ranchería La Pirinola,Rural
83356,Ranchería Las Barajitas (San Juan),Rural
83356,Ranchería Las Duraznillas,Rural
83356,Ranchería Las Glorias,Rural
83356,Ranchería Pozo del Negro,Rural
83356,Ranchería Pozo del Negro Dos,Rural
83356,Ranchería San Carlos,Rural
83356,Ranchería San Isidro Dos,Rural
83356,Ranchería San Jorge,Rural
83356,Ranchería San Patricio,Rural
83357,Ranchería Campo de Gómez,Rural
83357,Ranchería Cerro Prieto,Rural
83357,Ranchería Chapala (El Pocito),Rural
83357,Ranchería Chaveco,Rural
83357,Ranchería El Carmen,Rural
83357,Ranchería El Palo Verdal,Rural
83357,Ranchería El Potrerito (El Potrero de San Francisco),Rural
83357,Ranchería El Pueblito,Rural
83357,Ranchería El Tinaco (Campo de Gómez),Rural
83357,Ranchería La Junta,Rural
83357,Ranchería La Reforma,Rural
83357,Ranchería La Tinaja,Rural
83357,Ranchería Las Cruces,Rural
83357,Ranchería Mina de Pilares,Rural
83357,Ranchería Pilares,Rural
83357,Ranchería Pozo Nuevo,Rural
83357,Ranchería San Fernando,Rural
83357,Ranchería San José,Rural
83357,Ranchería Sayula,Rural
